id,firstname,lastname,email,email2,profession
100,Eve,Mott,Eve.Mott@yopmail.com,Eve.Mott@gmail.com,worker
101,Ira,Lattie,Ira.Lattie@yopmail.com,Ira.Lattie@gmail.com,police officer
102,Jemie,Gillan,Jemie.Gillan@yopmail.com,Jemie.Gillan@gmail.com,doctor
103,Riannon,Dyche,Riannon.Dyche@yopmail.com,Riannon.Dyche@gmail.com,doctor
104,Nelle,Diann,Nelle.Diann@yopmail.com,Nelle.Diann@gmail.com,doctor
105,Bibby,Koziara,Bibby.Koziara@yopmail.com,Bibby.Koziara@gmail.com,police officer
106,Mildrid,Ezar,Mildrid.Ezar@yopmail.com,Mildrid.Ezar@gmail.com,worker
107,Grier,Tippets,Grier.Tippets@yopmail.com,Grier.Tippets@gmail.com,developer
108,Mellicent,Ashely,Mellicent.Ashely@yopmail.com,Mellicent.Ashely@gmail.com,police officer
109,Donnie,Vittoria,Donnie.Vittoria@yopmail.com,Donnie.Vittoria@gmail.com,developer
110,Jenda,McNully,Jenda.McNully@yopmail.com,Jenda.McNully@gmail.com,firefighter
111,Hayley,Pip,Hayley.Pip@yopmail.com,Hayley.Pip@gmail.com,doctor
112,Ursulina,Pierette,Ursulina.Pierette@yopmail.com,Ursulina.Pierette@gmail.com,doctor
113,Binny,Seumas,Binny.Seumas@yopmail.com,Binny.Seumas@gmail.com,police officer
114,Daune,Rozanna,Daune.Rozanna@yopmail.com,Daune.Rozanna@gmail.com,firefighter
115,Yolane,Ralfston,Yolane.Ralfston@yopmail.com,Yolane.Ralfston@gmail.com,worker
116,Dotty,Ricarda,Dotty.Ricarda@yopmail.com,Dotty.Ricarda@gmail.com,developer
117,Mara,Desai,Mara.Desai@yopmail.com,Mara.Desai@gmail.com,doctor
118,Carly,Tiffa,Carly.Tiffa@yopmail.com,Carly.Tiffa@gmail.com,doctor
119,Phedra,Sholley,Phedra.Sholley@yopmail.com,Phedra.Sholley@gmail.com,worker
120,Darci,Justinn,Darci.Justinn@yopmail.com,Darci.Justinn@gmail.com,firefighter
121,Lesly,Pierette,Lesly.Pierette@yopmail.com,Lesly.Pierette@gmail.com,developer
122,Pearline,Alva,Pearline.Alva@yopmail.com,Pearline.Alva@gmail.com,police officer
123,Gilligan,Kenney,Gilligan.Kenney@yopmail.com,Gilligan.Kenney@gmail.com,worker
124,Margette,Carleen,Margette.Carleen@yopmail.com,Margette.Carleen@gmail.com,worker
125,Alie,Harned,Alie.Harned@yopmail.com,Alie.Harned@gmail.com,worker
126,Dominga,Minetta,Dominga.Minetta@yopmail.com,Dominga.Minetta@gmail.com,police officer
127,Nikki,Raychel,Nikki.Raychel@yopmail.com,Nikki.Raychel@gmail.com,police officer
128,Marline,Glovsky,Marline.Glovsky@yopmail.com,Marline.Glovsky@gmail.com,firefighter
129,Ida,Hubert,Ida.Hubert@yopmail.com,Ida.Hubert@gmail.com,developer
130,Genevra,Odell,Genevra.Odell@yopmail.com,Genevra.Odell@gmail.com,firefighter
131,Emma,Faso,Emma.Faso@yopmail.com,Emma.Faso@gmail.com,developer
132,Selma,Brunell,Selma.Brunell@yopmail.com,Selma.Brunell@gmail.com,doctor
133,Natka,Uund,Natka.Uund@yopmail.com,Natka.Uund@gmail.com,police officer
134,Caritta,Skurnik,Caritta.Skurnik@yopmail.com,Caritta.Skurnik@gmail.com,developer
135,Rani,Flita,Rani.Flita@yopmail.com,Rani.Flita@gmail.com,police officer
136,Kial,Callista,Kial.Callista@yopmail.com,Kial.Callista@gmail.com,police officer
137,Layla,Rugen,Layla.Rugen@yopmail.com,Layla.Rugen@gmail.com,developer
138,Selia,Rhu,Selia.Rhu@yopmail.com,Selia.Rhu@gmail.com,doctor
139,Harrietta,Martguerita,Harrietta.Martguerita@yopmail.com,Harrietta.Martguerita@gmail.com,firefighter
140,Hollie,Dawkins,Hollie.Dawkins@yopmail.com,Hollie.Dawkins@gmail.com,doctor
141,Annice,Nore,Annice.Nore@yopmail.com,Annice.Nore@gmail.com,police officer
142,Blake,Firmin,Blake.Firmin@yopmail.com,Blake.Firmin@gmail.com,worker
143,Theodora,Chandler,Theodora.Chandler@yopmail.com,Theodora.Chandler@gmail.com,worker
144,Willetta,Presber,Willetta.Presber@yopmail.com,Willetta.Presber@gmail.com,firefighter
145,Amii,Nea,Amii.Nea@yopmail.com,Amii.Nea@gmail.com,firefighter
146,Briney,Tryck,Briney.Tryck@yopmail.com,Briney.Tryck@gmail.com,worker
147,Jobi,Soneson,Jobi.Soneson@yopmail.com,Jobi.Soneson@gmail.com,developer
148,Damaris,Gordon,Damaris.Gordon@yopmail.com,Damaris.Gordon@gmail.com,developer
149,Jemie,Camden,Jemie.Camden@yopmail.com,Jemie.Camden@gmail.com,police officer
150,Ezmeralda,Merat,Ezmeralda.Merat@yopmail.com,Ezmeralda.Merat@gmail.com,police officer
151,Judy,Ahab,Judy.Ahab@yopmail.com,Judy.Ahab@gmail.com,developer
152,Agnese,Stelle,Agnese.Stelle@yopmail.com,Agnese.Stelle@gmail.com,police officer
153,Emylee,Odell,Emylee.Odell@yopmail.com,Emylee.Odell@gmail.com,police officer
154,Benita,Seessel,Benita.Seessel@yopmail.com,Benita.Seessel@gmail.com,police officer
155,Sissy,Clywd,Sissy.Clywd@yopmail.com,Sissy.Clywd@gmail.com,worker
156,Nita,Seumas,Nita.Seumas@yopmail.com,Nita.Seumas@gmail.com,doctor
157,Petronia,Keelia,Petronia.Keelia@yopmail.com,Petronia.Keelia@gmail.com,firefighter
158,Zondra,Nea,Zondra.Nea@yopmail.com,Zondra.Nea@gmail.com,worker
159,Margalo,Decato,Margalo.Decato@yopmail.com,Margalo.Decato@gmail.com,police officer
160,Cecile,Lea,Cecile.Lea@yopmail.com,Cecile.Lea@gmail.com,worker
161,Aurelie,Dash,Aurelie.Dash@yopmail.com,Aurelie.Dash@gmail.com,doctor
162,Sashenka,Margret,Sashenka.Margret@yopmail.com,Sashenka.Margret@gmail.com,developer
163,Emylee,Martsen,Emylee.Martsen@yopmail.com,Emylee.Martsen@gmail.com,police officer
164,Tersina,O'Neill,Tersina.O'Neill@yopmail.com,Tersina.O'Neill@gmail.com,police officer
165,Lucille,Breed,Lucille.Breed@yopmail.com,Lucille.Breed@gmail.com,police officer
166,Ketti,Roscoe,Ketti.Roscoe@yopmail.com,Ketti.Roscoe@gmail.com,police officer
167,Jaclyn,Swanhildas,Jaclyn.Swanhildas@yopmail.com,Jaclyn.Swanhildas@gmail.com,worker
168,Ana,Yorick,Ana.Yorick@yopmail.com,Ana.Yorick@gmail.com,worker
169,Addia,Modie,Addia.Modie@yopmail.com,Addia.Modie@gmail.com,firefighter
170,Dianemarie,Nerita,Dianemarie.Nerita@yopmail.com,Dianemarie.Nerita@gmail.com,police officer
171,Gilda,Erich,Gilda.Erich@yopmail.com,Gilda.Erich@gmail.com,police officer
172,Farrah,Mich,Farrah.Mich@yopmail.com,Farrah.Mich@gmail.com,doctor
173,Kittie,Regan,Kittie.Regan@yopmail.com,Kittie.Regan@gmail.com,developer
174,Ruthe,Alfons,Ruthe.Alfons@yopmail.com,Ruthe.Alfons@gmail.com,developer
175,Nita,Lymann,Nita.Lymann@yopmail.com,Nita.Lymann@gmail.com,worker
176,Ada,Beniamino,Ada.Beniamino@yopmail.com,Ada.Beniamino@gmail.com,developer
177,Ana,Guthrie,Ana.Guthrie@yopmail.com,Ana.Guthrie@gmail.com,firefighter
178,Karena,Caitlin,Karena.Caitlin@yopmail.com,Karena.Caitlin@gmail.com,doctor
179,Elora,Goth,Elora.Goth@yopmail.com,Elora.Goth@gmail.com,firefighter
180,Dorice,Korey,Dorice.Korey@yopmail.com,Dorice.Korey@gmail.com,police officer
181,Rhea,Constancy,Rhea.Constancy@yopmail.com,Rhea.Constancy@gmail.com,developer
182,Kenna,Madox,Kenna.Madox@yopmail.com,Kenna.Madox@gmail.com,developer
183,Kerrin,Weinreb,Kerrin.Weinreb@yopmail.com,Kerrin.Weinreb@gmail.com,police officer
184,Donnie,Ellerey,Donnie.Ellerey@yopmail.com,Donnie.Ellerey@gmail.com,worker
185,Merle,Naor,Merle.Naor@yopmail.com,Merle.Naor@gmail.com,doctor
186,Ronna,Khorma,Ronna.Khorma@yopmail.com,Ronna.Khorma@gmail.com,worker
187,Estell,Sasnett,Estell.Sasnett@yopmail.com,Estell.Sasnett@gmail.com,doctor
188,Gloria,Tatianas,Gloria.Tatianas@yopmail.com,Gloria.Tatianas@gmail.com,police officer
189,Flo,Thad,Flo.Thad@yopmail.com,Flo.Thad@gmail.com,doctor
190,Jacenta,Fancie,Jacenta.Fancie@yopmail.com,Jacenta.Fancie@gmail.com,worker
191,Fayre,Rudolph,Fayre.Rudolph@yopmail.com,Fayre.Rudolph@gmail.com,firefighter
192,Marti,Sheedy,Marti.Sheedy@yopmail.com,Marti.Sheedy@gmail.com,developer
193,Leona,Bari,Leona.Bari@yopmail.com,Leona.Bari@gmail.com,worker
194,Fawne,Henrie,Fawne.Henrie@yopmail.com,Fawne.Henrie@gmail.com,firefighter
195,Chickie,Lorain,Chickie.Lorain@yopmail.com,Chickie.Lorain@gmail.com,doctor
196,Sindee,Drisko,Sindee.Drisko@yopmail.com,Sindee.Drisko@gmail.com,doctor
197,Correy,Bord,Correy.Bord@yopmail.com,Correy.Bord@gmail.com,doctor
198,Cathie,Germann,Cathie.Germann@yopmail.com,Cathie.Germann@gmail.com,doctor
199,Darci,Gavrila,Darci.Gavrila@yopmail.com,Darci.Gavrila@gmail.com,developer
200,Amelia,Torray,Amelia.Torray@yopmail.com,Amelia.Torray@gmail.com,police officer
201,Babita,Phyllis,Babita.Phyllis@yopmail.com,Babita.Phyllis@gmail.com,police officer
202,Eugine,Santoro,Eugine.Santoro@yopmail.com,Eugine.Santoro@gmail.com,firefighter
203,Taffy,Maryanne,Taffy.Maryanne@yopmail.com,Taffy.Maryanne@gmail.com,firefighter
204,Susette,Stacy,Susette.Stacy@yopmail.com,Susette.Stacy@gmail.com,police officer
205,Natka,Marijo,Natka.Marijo@yopmail.com,Natka.Marijo@gmail.com,firefighter
206,Ketti,Bandeen,Ketti.Bandeen@yopmail.com,Ketti.Bandeen@gmail.com,doctor
207,Julieta,Annabella,Julieta.Annabella@yopmail.com,Julieta.Annabella@gmail.com,police officer
208,Edyth,Bakerman,Edyth.Bakerman@yopmail.com,Edyth.Bakerman@gmail.com,developer
209,Mallory,Heisel,Mallory.Heisel@yopmail.com,Mallory.Heisel@gmail.com,developer
210,Merrie,Rossner,Merrie.Rossner@yopmail.com,Merrie.Rossner@gmail.com,doctor
211,Lila,Eben,Lila.Eben@yopmail.com,Lila.Eben@gmail.com,developer
212,Jinny,Garlinda,Jinny.Garlinda@yopmail.com,Jinny.Garlinda@gmail.com,police officer
213,Libbie,Neva,Libbie.Neva@yopmail.com,Libbie.Neva@gmail.com,developer
214,Imojean,Valerio,Imojean.Valerio@yopmail.com,Imojean.Valerio@gmail.com,developer
215,Latisha,Brandice,Latisha.Brandice@yopmail.com,Latisha.Brandice@gmail.com,firefighter
216,Madeleine,Alabaster,Madeleine.Alabaster@yopmail.com,Madeleine.Alabaster@gmail.com,doctor
217,Halette,Kiyoshi,Halette.Kiyoshi@yopmail.com,Halette.Kiyoshi@gmail.com,developer
218,Gianina,Christine,Gianina.Christine@yopmail.com,Gianina.Christine@gmail.com,developer
219,Deane,Parsaye,Deane.Parsaye@yopmail.com,Deane.Parsaye@gmail.com,firefighter
220,Gerianna,Nikaniki,Gerianna.Nikaniki@yopmail.com,Gerianna.Nikaniki@gmail.com,police officer
221,Modestia,Kristi,Modestia.Kristi@yopmail.com,Modestia.Kristi@gmail.com,doctor
222,Alyda,Imelida,Alyda.Imelida@yopmail.com,Alyda.Imelida@gmail.com,worker
223,Bill,Chesna,Bill.Chesna@yopmail.com,Bill.Chesna@gmail.com,worker
224,Correy,Kare,Correy.Kare@yopmail.com,Correy.Kare@gmail.com,police officer
225,Zsa Zsa,Kermit,Zsa Zsa.Kermit@yopmail.com,Zsa Zsa.Kermit@gmail.com,police officer
226,Laurene,Croix,Laurene.Croix@yopmail.com,Laurene.Croix@gmail.com,doctor
227,Hollie,Georas,Hollie.Georas@yopmail.com,Hollie.Georas@gmail.com,developer
228,Loree,Flyn,Loree.Flyn@yopmail.com,Loree.Flyn@gmail.com,police officer
229,Dorene,Berne,Dorene.Berne@yopmail.com,Dorene.Berne@gmail.com,police officer
230,Vinita,Camden,Vinita.Camden@yopmail.com,Vinita.Camden@gmail.com,worker
231,Kayla,Emanuel,Kayla.Emanuel@yopmail.com,Kayla.Emanuel@gmail.com,police officer
232,Priscilla,Ivens,Priscilla.Ivens@yopmail.com,Priscilla.Ivens@gmail.com,doctor
233,Darlleen,Dituri,Darlleen.Dituri@yopmail.com,Darlleen.Dituri@gmail.com,developer
234,Brooks,Bandeen,Brooks.Bandeen@yopmail.com,Brooks.Bandeen@gmail.com,worker
235,Ermengarde,Stephie,Ermengarde.Stephie@yopmail.com,Ermengarde.Stephie@gmail.com,doctor
236,Brianna,Doig,Brianna.Doig@yopmail.com,Brianna.Doig@gmail.com,developer
237,Leia,Aldric,Leia.Aldric@yopmail.com,Leia.Aldric@gmail.com,firefighter
238,Fina,Holtz,Fina.Holtz@yopmail.com,Fina.Holtz@gmail.com,developer
239,Dorthy,Sisile,Dorthy.Sisile@yopmail.com,Dorthy.Sisile@gmail.com,police officer
240,Asia,Gert,Asia.Gert@yopmail.com,Asia.Gert@gmail.com,worker
241,Max,Yoko,Max.Yoko@yopmail.com,Max.Yoko@gmail.com,developer
242,Priscilla,Lory,Priscilla.Lory@yopmail.com,Priscilla.Lory@gmail.com,developer
243,Jinny,Astra,Jinny.Astra@yopmail.com,Jinny.Astra@gmail.com,police officer
244,Max,Ochs,Max.Ochs@yopmail.com,Max.Ochs@gmail.com,doctor
245,Monika,Nerita,Monika.Nerita@yopmail.com,Monika.Nerita@gmail.com,worker
246,Renie,Morrill,Renie.Morrill@yopmail.com,Renie.Morrill@gmail.com,worker
247,Netty,Tybald,Netty.Tybald@yopmail.com,Netty.Tybald@gmail.com,developer
248,Danika,Marlie,Danika.Marlie@yopmail.com,Danika.Marlie@gmail.com,firefighter
249,Gabi,Cloris,Gabi.Cloris@yopmail.com,Gabi.Cloris@gmail.com,doctor
250,Alameda,Urania,Alameda.Urania@yopmail.com,Alameda.Urania@gmail.com,police officer
251,Cecile,Elephus,Cecile.Elephus@yopmail.com,Cecile.Elephus@gmail.com,doctor
252,Cyb,Baptlsta,Cyb.Baptlsta@yopmail.com,Cyb.Baptlsta@gmail.com,developer
253,Bernardine,Carleen,Bernardine.Carleen@yopmail.com,Bernardine.Carleen@gmail.com,worker
254,Amara,Wind,Amara.Wind@yopmail.com,Amara.Wind@gmail.com,worker
255,Brandise,Natalia,Brandise.Natalia@yopmail.com,Brandise.Natalia@gmail.com,firefighter
256,Abbie,Hillel,Abbie.Hillel@yopmail.com,Abbie.Hillel@gmail.com,police officer
257,Daryl,Rocray,Daryl.Rocray@yopmail.com,Daryl.Rocray@gmail.com,doctor
258,Fanny,Travax,Fanny.Travax@yopmail.com,Fanny.Travax@gmail.com,developer
259,Margalo,Ioab,Margalo.Ioab@yopmail.com,Margalo.Ioab@gmail.com,doctor
260,Melodie,Phyllis,Melodie.Phyllis@yopmail.com,Melodie.Phyllis@gmail.com,doctor
261,Lucy,Wareing,Lucy.Wareing@yopmail.com,Lucy.Wareing@gmail.com,doctor
262,Madelle,Lilas,Madelle.Lilas@yopmail.com,Madelle.Lilas@gmail.com,developer
263,Florie,Delp,Florie.Delp@yopmail.com,Florie.Delp@gmail.com,doctor
264,Lucille,Paine,Lucille.Paine@yopmail.com,Lucille.Paine@gmail.com,worker
265,Jennica,Lalitta,Jennica.Lalitta@yopmail.com,Jennica.Lalitta@gmail.com,developer
266,Selma,Donoghue,Selma.Donoghue@yopmail.com,Selma.Donoghue@gmail.com,doctor
267,Charlena,Cutlerr,Charlena.Cutlerr@yopmail.com,Charlena.Cutlerr@gmail.com,worker
268,Lauryn,Barbey,Lauryn.Barbey@yopmail.com,Lauryn.Barbey@gmail.com,firefighter
269,Konstance,Leopold,Konstance.Leopold@yopmail.com,Konstance.Leopold@gmail.com,developer
270,Ronna,Pitt,Ronna.Pitt@yopmail.com,Ronna.Pitt@gmail.com,doctor
271,Nataline,Sancho,Nataline.Sancho@yopmail.com,Nataline.Sancho@gmail.com,developer
272,Mureil,August,Mureil.August@yopmail.com,Mureil.August@gmail.com,police officer
273,Evita,Cleavland,Evita.Cleavland@yopmail.com,Evita.Cleavland@gmail.com,worker
274,Ardys,Dunkin,Ardys.Dunkin@yopmail.com,Ardys.Dunkin@gmail.com,firefighter
275,Marita,Killigrew,Marita.Killigrew@yopmail.com,Marita.Killigrew@gmail.com,firefighter
276,Regina,Madelene,Regina.Madelene@yopmail.com,Regina.Madelene@gmail.com,doctor
277,Zondra,Destinee,Zondra.Destinee@yopmail.com,Zondra.Destinee@gmail.com,firefighter
278,Johna,Posner,Johna.Posner@yopmail.com,Johna.Posner@gmail.com,developer
279,Aurelie,Zuzana,Aurelie.Zuzana@yopmail.com,Aurelie.Zuzana@gmail.com,police officer
280,Neila,Westphal,Neila.Westphal@yopmail.com,Neila.Westphal@gmail.com,doctor
281,Melanie,Catie,Melanie.Catie@yopmail.com,Melanie.Catie@gmail.com,doctor
282,Marika,O'Neill,Marika.O'Neill@yopmail.com,Marika.O'Neill@gmail.com,developer
283,Annabela,Abbot,Annabela.Abbot@yopmail.com,Annabela.Abbot@gmail.com,developer
284,Lanna,Scammon,Lanna.Scammon@yopmail.com,Lanna.Scammon@gmail.com,firefighter
285,Ruthe,Muriel,Ruthe.Muriel@yopmail.com,Ruthe.Muriel@gmail.com,worker
286,Gertrud,Chaing,Gertrud.Chaing@yopmail.com,Gertrud.Chaing@gmail.com,firefighter
287,Eugine,Suzetta,Eugine.Suzetta@yopmail.com,Eugine.Suzetta@gmail.com,doctor
288,Kirbee,Malvino,Kirbee.Malvino@yopmail.com,Kirbee.Malvino@gmail.com,doctor
289,Amalie,Sikorski,Amalie.Sikorski@yopmail.com,Amalie.Sikorski@gmail.com,worker
290,Sadie,Tiffa,Sadie.Tiffa@yopmail.com,Sadie.Tiffa@gmail.com,firefighter
291,Madelle,Jalbert,Madelle.Jalbert@yopmail.com,Madelle.Jalbert@gmail.com,developer
292,Rivalee,Cyrie,Rivalee.Cyrie@yopmail.com,Rivalee.Cyrie@gmail.com,worker
293,Lanae,Hubert,Lanae.Hubert@yopmail.com,Lanae.Hubert@gmail.com,firefighter
294,Larine,Smitt,Larine.Smitt@yopmail.com,Larine.Smitt@gmail.com,firefighter
295,Florencia,Bibi,Florencia.Bibi@yopmail.com,Florencia.Bibi@gmail.com,developer
296,Beatriz,Vorster,Beatriz.Vorster@yopmail.com,Beatriz.Vorster@gmail.com,doctor
297,Estell,Pelagias,Estell.Pelagias@yopmail.com,Estell.Pelagias@gmail.com,worker
298,Lyssa,Allina,Lyssa.Allina@yopmail.com,Lyssa.Allina@gmail.com,doctor
299,Lulita,Esmaria,Lulita.Esmaria@yopmail.com,Lulita.Esmaria@gmail.com,police officer
300,Sallie,Anderea,Sallie.Anderea@yopmail.com,Sallie.Anderea@gmail.com,doctor
301,Mignon,Chesna,Mignon.Chesna@yopmail.com,Mignon.Chesna@gmail.com,worker
302,Theodora,Briney,Theodora.Briney@yopmail.com,Theodora.Briney@gmail.com,firefighter
303,Cyndie,Calhoun,Cyndie.Calhoun@yopmail.com,Cyndie.Calhoun@gmail.com,developer
304,Livvyy,Eben,Livvyy.Eben@yopmail.com,Livvyy.Eben@gmail.com,doctor
305,Dede,Weide,Dede.Weide@yopmail.com,Dede.Weide@gmail.com,developer
306,Phedra,Atonsah,Phedra.Atonsah@yopmail.com,Phedra.Atonsah@gmail.com,police officer
307,Mignon,Ilka,Mignon.Ilka@yopmail.com,Mignon.Ilka@gmail.com,doctor
308,Jaime,Othilia,Jaime.Othilia@yopmail.com,Jaime.Othilia@gmail.com,developer
309,Marika,Campball,Marika.Campball@yopmail.com,Marika.Campball@gmail.com,developer
310,Libbie,Maples,Libbie.Maples@yopmail.com,Libbie.Maples@gmail.com,doctor
311,Tonia,Bonilla,Tonia.Bonilla@yopmail.com,Tonia.Bonilla@gmail.com,firefighter
312,Evita,Diogenes,Evita.Diogenes@yopmail.com,Evita.Diogenes@gmail.com,developer
313,Winny,Federica,Winny.Federica@yopmail.com,Winny.Federica@gmail.com,developer
314,Lexine,Danby,Lexine.Danby@yopmail.com,Lexine.Danby@gmail.com,developer
315,Leona,Kristi,Leona.Kristi@yopmail.com,Leona.Kristi@gmail.com,police officer
316,Shauna,Chinua,Shauna.Chinua@yopmail.com,Shauna.Chinua@gmail.com,police officer
317,Marinna,McAdams,Marinna.McAdams@yopmail.com,Marinna.McAdams@gmail.com,worker
318,Florie,Jarib,Florie.Jarib@yopmail.com,Florie.Jarib@gmail.com,developer
319,Shirlee,Raffo,Shirlee.Raffo@yopmail.com,Shirlee.Raffo@gmail.com,doctor
320,Cindelyn,Idelia,Cindelyn.Idelia@yopmail.com,Cindelyn.Idelia@gmail.com,doctor
321,Teriann,Cohdwell,Teriann.Cohdwell@yopmail.com,Teriann.Cohdwell@gmail.com,developer
322,Odessa,Dichy,Odessa.Dichy@yopmail.com,Odessa.Dichy@gmail.com,developer
323,Rosanne,Belldas,Rosanne.Belldas@yopmail.com,Rosanne.Belldas@gmail.com,firefighter
324,Gilda,Waite,Gilda.Waite@yopmail.com,Gilda.Waite@gmail.com,police officer
325,Selia,Bandeen,Selia.Bandeen@yopmail.com,Selia.Bandeen@gmail.com,doctor
326,Ayn,Hanleigh,Ayn.Hanleigh@yopmail.com,Ayn.Hanleigh@gmail.com,developer
327,Britte,Neva,Britte.Neva@yopmail.com,Britte.Neva@gmail.com,police officer
328,Aeriela,Gemini,Aeriela.Gemini@yopmail.com,Aeriela.Gemini@gmail.com,worker
329,Elmira,Andrel,Elmira.Andrel@yopmail.com,Elmira.Andrel@gmail.com,worker
330,Christy,Bouchard,Christy.Bouchard@yopmail.com,Christy.Bouchard@gmail.com,police officer
331,Frieda,Skell,Frieda.Skell@yopmail.com,Frieda.Skell@gmail.com,firefighter
332,Clarice,Grayce,Clarice.Grayce@yopmail.com,Clarice.Grayce@gmail.com,firefighter
333,Danny,Kauppi,Danny.Kauppi@yopmail.com,Danny.Kauppi@gmail.com,doctor
334,Carly,Emmy,Carly.Emmy@yopmail.com,Carly.Emmy@gmail.com,police officer
335,Marylou,Faria,Marylou.Faria@yopmail.com,Marylou.Faria@gmail.com,worker
336,Elyssa,McLaughlin,Elyssa.McLaughlin@yopmail.com,Elyssa.McLaughlin@gmail.com,doctor
337,Agnese,Mata,Agnese.Mata@yopmail.com,Agnese.Mata@gmail.com,police officer
338,Paule,Percy,Paule.Percy@yopmail.com,Paule.Percy@gmail.com,firefighter
339,Theodora,Buckler,Theodora.Buckler@yopmail.com,Theodora.Buckler@gmail.com,doctor
340,Livvyy,Riordan,Livvyy.Riordan@yopmail.com,Livvyy.Riordan@gmail.com,firefighter
341,Bibby,Delp,Bibby.Delp@yopmail.com,Bibby.Delp@gmail.com,police officer
342,Marita,Lymann,Marita.Lymann@yopmail.com,Marita.Lymann@gmail.com,doctor
343,Dione,Goerke,Dione.Goerke@yopmail.com,Dione.Goerke@gmail.com,police officer
344,Orelia,Schroth,Orelia.Schroth@yopmail.com,Orelia.Schroth@gmail.com,police officer
345,Petronia,Shaddock,Petronia.Shaddock@yopmail.com,Petronia.Shaddock@gmail.com,worker
346,Angela,Taam,Angela.Taam@yopmail.com,Angela.Taam@gmail.com,worker
347,Margalo,Carbo,Margalo.Carbo@yopmail.com,Margalo.Carbo@gmail.com,worker
348,Shaylyn,Lilas,Shaylyn.Lilas@yopmail.com,Shaylyn.Lilas@gmail.com,developer
349,Belva,Jorgan,Belva.Jorgan@yopmail.com,Belva.Jorgan@gmail.com,developer
350,Goldie,Daveta,Goldie.Daveta@yopmail.com,Goldie.Daveta@gmail.com,doctor
351,Lyssa,Charity,Lyssa.Charity@yopmail.com,Lyssa.Charity@gmail.com,firefighter
352,Molli,Chandler,Molli.Chandler@yopmail.com,Molli.Chandler@gmail.com,developer
353,Nonnah,Ellord,Nonnah.Ellord@yopmail.com,Nonnah.Ellord@gmail.com,worker
354,Coral,Martsen,Coral.Martsen@yopmail.com,Coral.Martsen@gmail.com,worker
355,Allyce,Pond,Allyce.Pond@yopmail.com,Allyce.Pond@gmail.com,developer
356,Doro,Aloise,Doro.Aloise@yopmail.com,Doro.Aloise@gmail.com,firefighter
357,Bettine,Hourigan,Bettine.Hourigan@yopmail.com,Bettine.Hourigan@gmail.com,firefighter
358,Jillayne,Lattie,Jillayne.Lattie@yopmail.com,Jillayne.Lattie@gmail.com,police officer
359,Laurene,Manolo,Laurene.Manolo@yopmail.com,Laurene.Manolo@gmail.com,doctor
360,Sissy,Catie,Sissy.Catie@yopmail.com,Sissy.Catie@gmail.com,firefighter
361,Eolanda,Ummersen,Eolanda.Ummersen@yopmail.com,Eolanda.Ummersen@gmail.com,developer
362,Vita,Bates,Vita.Bates@yopmail.com,Vita.Bates@gmail.com,police officer
363,Gilda,Rurik,Gilda.Rurik@yopmail.com,Gilda.Rurik@gmail.com,doctor
364,Ruthe,Linehan,Ruthe.Linehan@yopmail.com,Ruthe.Linehan@gmail.com,police officer
365,Chloris,Telfer,Chloris.Telfer@yopmail.com,Chloris.Telfer@gmail.com,doctor
366,Hildegaard,McAdams,Hildegaard.McAdams@yopmail.com,Hildegaard.McAdams@gmail.com,firefighter
367,Barbara,Lattie,Barbara.Lattie@yopmail.com,Barbara.Lattie@gmail.com,developer
368,Christy,Lipson,Christy.Lipson@yopmail.com,Christy.Lipson@gmail.com,police officer
369,Caritta,Rillings,Caritta.Rillings@yopmail.com,Caritta.Rillings@gmail.com,firefighter
370,Perry,Gunn,Perry.Gunn@yopmail.com,Perry.Gunn@gmail.com,firefighter
371,Berget,Wooster,Berget.Wooster@yopmail.com,Berget.Wooster@gmail.com,developer
372,Gaylene,Jenness,Gaylene.Jenness@yopmail.com,Gaylene.Jenness@gmail.com,police officer
373,Danny,Edee,Danny.Edee@yopmail.com,Danny.Edee@gmail.com,police officer
374,Georgina,Grayce,Georgina.Grayce@yopmail.com,Georgina.Grayce@gmail.com,doctor
375,Inga,Flita,Inga.Flita@yopmail.com,Inga.Flita@gmail.com,developer
376,Carree,Paton,Carree.Paton@yopmail.com,Carree.Paton@gmail.com,police officer
377,Marsiella,Girardo,Marsiella.Girardo@yopmail.com,Marsiella.Girardo@gmail.com,developer
378,Mireielle,Rhu,Mireielle.Rhu@yopmail.com,Mireielle.Rhu@gmail.com,worker
379,Lonnie,Wind,Lonnie.Wind@yopmail.com,Lonnie.Wind@gmail.com,firefighter
380,Rori,Rugen,Rori.Rugen@yopmail.com,Rori.Rugen@gmail.com,firefighter
381,Ezmeralda,Carri,Ezmeralda.Carri@yopmail.com,Ezmeralda.Carri@gmail.com,worker
382,Lizzie,Dulciana,Lizzie.Dulciana@yopmail.com,Lizzie.Dulciana@gmail.com,developer
383,Sean,Rossner,Sean.Rossner@yopmail.com,Sean.Rossner@gmail.com,doctor
384,Hallie,Sikorski,Hallie.Sikorski@yopmail.com,Hallie.Sikorski@gmail.com,police officer
385,Rosene,Bahr,Rosene.Bahr@yopmail.com,Rosene.Bahr@gmail.com,worker
386,Lelah,Anyah,Lelah.Anyah@yopmail.com,Lelah.Anyah@gmail.com,doctor
387,Carol-Jean,Lorain,Carol-Jean.Lorain@yopmail.com,Carol-Jean.Lorain@gmail.com,firefighter
388,Gilligan,Creamer,Gilligan.Creamer@yopmail.com,Gilligan.Creamer@gmail.com,firefighter
389,Camile,Chabot,Camile.Chabot@yopmail.com,Camile.Chabot@gmail.com,developer
390,Ninnetta,Verger,Ninnetta.Verger@yopmail.com,Ninnetta.Verger@gmail.com,firefighter
391,Carree,Nance,Carree.Nance@yopmail.com,Carree.Nance@gmail.com,police officer
392,Nelle,Gunn,Nelle.Gunn@yopmail.com,Nelle.Gunn@gmail.com,firefighter
393,Myrtice,Berriman,Myrtice.Berriman@yopmail.com,Myrtice.Berriman@gmail.com,firefighter
394,Bernardine,Saree,Bernardine.Saree@yopmail.com,Bernardine.Saree@gmail.com,doctor
395,Ardenia,Rese,Ardenia.Rese@yopmail.com,Ardenia.Rese@gmail.com,worker
396,Oona,Vittoria,Oona.Vittoria@yopmail.com,Oona.Vittoria@gmail.com,police officer
397,Pollyanna,Arley,Pollyanna.Arley@yopmail.com,Pollyanna.Arley@gmail.com,firefighter
398,Blondelle,McCutcheon,Blondelle.McCutcheon@yopmail.com,Blondelle.McCutcheon@gmail.com,developer
399,Babita,Pierette,Babita.Pierette@yopmail.com,Babita.Pierette@gmail.com,developer
400,Karly,Fry,Karly.Fry@yopmail.com,Karly.Fry@gmail.com,police officer
401,Althea,Lymann,Althea.Lymann@yopmail.com,Althea.Lymann@gmail.com,doctor
402,Thalia,Santoro,Thalia.Santoro@yopmail.com,Thalia.Santoro@gmail.com,developer
403,Jeanna,Weinreb,Jeanna.Weinreb@yopmail.com,Jeanna.Weinreb@gmail.com,police officer
404,Chastity,Loeb,Chastity.Loeb@yopmail.com,Chastity.Loeb@gmail.com,police officer
405,Rosene,Rudolph,Rosene.Rudolph@yopmail.com,Rosene.Rudolph@gmail.com,worker
406,Vere,Ludewig,Vere.Ludewig@yopmail.com,Vere.Ludewig@gmail.com,police officer
407,Minne,Nadia,Minne.Nadia@yopmail.com,Minne.Nadia@gmail.com,police officer
408,Heddie,Sherrie,Heddie.Sherrie@yopmail.com,Heddie.Sherrie@gmail.com,firefighter
409,Pamella,Bearnard,Pamella.Bearnard@yopmail.com,Pamella.Bearnard@gmail.com,firefighter
410,Elfreda,Heisel,Elfreda.Heisel@yopmail.com,Elfreda.Heisel@gmail.com,worker
411,Kylynn,Cynar,Kylynn.Cynar@yopmail.com,Kylynn.Cynar@gmail.com,firefighter
412,Gianina,Shaver,Gianina.Shaver@yopmail.com,Gianina.Shaver@gmail.com,police officer
413,Chickie,Cosenza,Chickie.Cosenza@yopmail.com,Chickie.Cosenza@gmail.com,police officer
414,Hallie,Wittie,Hallie.Wittie@yopmail.com,Hallie.Wittie@gmail.com,doctor
415,Althea,Uird,Althea.Uird@yopmail.com,Althea.Uird@gmail.com,doctor
416,Desirae,Garbe,Desirae.Garbe@yopmail.com,Desirae.Garbe@gmail.com,firefighter
417,Marjie,Kiersten,Marjie.Kiersten@yopmail.com,Marjie.Kiersten@gmail.com,firefighter
418,Arlena,Darian,Arlena.Darian@yopmail.com,Arlena.Darian@gmail.com,developer
419,Caryl,Gabrielli,Caryl.Gabrielli@yopmail.com,Caryl.Gabrielli@gmail.com,police officer
420,Jillayne,Wilkinson,Jillayne.Wilkinson@yopmail.com,Jillayne.Wilkinson@gmail.com,doctor
421,Phedra,Publia,Phedra.Publia@yopmail.com,Phedra.Publia@gmail.com,firefighter
422,Doro,Willie,Doro.Willie@yopmail.com,Doro.Willie@gmail.com,developer
423,Myrtice,Cavan,Myrtice.Cavan@yopmail.com,Myrtice.Cavan@gmail.com,firefighter
424,Celestyna,My,Celestyna.My@yopmail.com,Celestyna.My@gmail.com,firefighter
425,Sheree,Vins,Sheree.Vins@yopmail.com,Sheree.Vins@gmail.com,police officer
426,Fernande,Salchunas,Fernande.Salchunas@yopmail.com,Fernande.Salchunas@gmail.com,firefighter
427,Ginnie,Billye,Ginnie.Billye@yopmail.com,Ginnie.Billye@gmail.com,worker
428,Coral,Vale,Coral.Vale@yopmail.com,Coral.Vale@gmail.com,doctor
429,Eugine,Tryck,Eugine.Tryck@yopmail.com,Eugine.Tryck@gmail.com,doctor
430,Max,Johnsson,Max.Johnsson@yopmail.com,Max.Johnsson@gmail.com,developer
431,Jenda,Joachim,Jenda.Joachim@yopmail.com,Jenda.Joachim@gmail.com,doctor
432,Leona,Casimir,Leona.Casimir@yopmail.com,Leona.Casimir@gmail.com,firefighter
433,Mellicent,Tjon,Mellicent.Tjon@yopmail.com,Mellicent.Tjon@gmail.com,worker
434,Estell,Ingra,Estell.Ingra@yopmail.com,Estell.Ingra@gmail.com,firefighter
435,Gerrie,Wolfgram,Gerrie.Wolfgram@yopmail.com,Gerrie.Wolfgram@gmail.com,worker
436,Roz,Heidt,Roz.Heidt@yopmail.com,Roz.Heidt@gmail.com,developer
437,Ethel,Miru,Ethel.Miru@yopmail.com,Ethel.Miru@gmail.com,worker
438,Kelly,Cleo,Kelly.Cleo@yopmail.com,Kelly.Cleo@gmail.com,doctor
439,Chrystel,Bebe,Chrystel.Bebe@yopmail.com,Chrystel.Bebe@gmail.com,firefighter
440,Trudie,Emanuel,Trudie.Emanuel@yopmail.com,Trudie.Emanuel@gmail.com,firefighter
441,Minne,Toor,Minne.Toor@yopmail.com,Minne.Toor@gmail.com,doctor
442,Stacey,Leonard,Stacey.Leonard@yopmail.com,Stacey.Leonard@gmail.com,police officer
443,Sue,Longfellow,Sue.Longfellow@yopmail.com,Sue.Longfellow@gmail.com,worker
444,Candy,Colp,Candy.Colp@yopmail.com,Candy.Colp@gmail.com,doctor
445,Dagmar,Birdella,Dagmar.Birdella@yopmail.com,Dagmar.Birdella@gmail.com,police officer
446,Amara,Reneta,Amara.Reneta@yopmail.com,Amara.Reneta@gmail.com,doctor
447,Roxane,Zina,Roxane.Zina@yopmail.com,Roxane.Zina@gmail.com,firefighter
448,Jemie,Maisey,Jemie.Maisey@yopmail.com,Jemie.Maisey@gmail.com,worker
449,Correy,Christine,Correy.Christine@yopmail.com,Correy.Christine@gmail.com,police officer
450,Karlee,Hylan,Karlee.Hylan@yopmail.com,Karlee.Hylan@gmail.com,doctor
451,Gwyneth,Prouty,Gwyneth.Prouty@yopmail.com,Gwyneth.Prouty@gmail.com,doctor
452,Minda,Dearborn,Minda.Dearborn@yopmail.com,Minda.Dearborn@gmail.com,worker
453,June,Rogerio,June.Rogerio@yopmail.com,June.Rogerio@gmail.com,firefighter
454,Starla,Philipp,Starla.Philipp@yopmail.com,Starla.Philipp@gmail.com,developer
455,Steffane,Stelle,Steffane.Stelle@yopmail.com,Steffane.Stelle@gmail.com,firefighter
456,Cathyleen,Vale,Cathyleen.Vale@yopmail.com,Cathyleen.Vale@gmail.com,police officer
457,Jany,Syd,Jany.Syd@yopmail.com,Jany.Syd@gmail.com,developer
458,Kayla,Mott,Kayla.Mott@yopmail.com,Kayla.Mott@gmail.com,firefighter
459,Alyssa,Dreda,Alyssa.Dreda@yopmail.com,Alyssa.Dreda@gmail.com,developer
460,Bee,Leary,Bee.Leary@yopmail.com,Bee.Leary@gmail.com,developer
461,Larine,Colbert,Larine.Colbert@yopmail.com,Larine.Colbert@gmail.com,police officer
462,Vanessa,Ursulette,Vanessa.Ursulette@yopmail.com,Vanessa.Ursulette@gmail.com,doctor
463,Verla,Tristram,Verla.Tristram@yopmail.com,Verla.Tristram@gmail.com,firefighter
464,Vita,Dorothy,Vita.Dorothy@yopmail.com,Vita.Dorothy@gmail.com,developer
465,Madeleine,Kunin,Madeleine.Kunin@yopmail.com,Madeleine.Kunin@gmail.com,police officer
466,Michaelina,Pearse,Michaelina.Pearse@yopmail.com,Michaelina.Pearse@gmail.com,doctor
467,Ellette,Kravits,Ellette.Kravits@yopmail.com,Ellette.Kravits@gmail.com,developer
468,Rosanne,Hoenack,Rosanne.Hoenack@yopmail.com,Rosanne.Hoenack@gmail.com,developer
469,Marjie,Hailee,Marjie.Hailee@yopmail.com,Marjie.Hailee@gmail.com,doctor
470,Riannon,Killigrew,Riannon.Killigrew@yopmail.com,Riannon.Killigrew@gmail.com,firefighter
471,Mellicent,Kimmie,Mellicent.Kimmie@yopmail.com,Mellicent.Kimmie@gmail.com,firefighter
472,Eve,Yuille,Eve.Yuille@yopmail.com,Eve.Yuille@gmail.com,doctor
473,June,Connelly,June.Connelly@yopmail.com,June.Connelly@gmail.com,worker
474,Miquela,Mallon,Miquela.Mallon@yopmail.com,Miquela.Mallon@gmail.com,doctor
475,Bibby,Luhe,Bibby.Luhe@yopmail.com,Bibby.Luhe@gmail.com,doctor
476,Lily,Leffen,Lily.Leffen@yopmail.com,Lily.Leffen@gmail.com,doctor
477,Edyth,Si,Edyth.Si@yopmail.com,Edyth.Si@gmail.com,firefighter
478,Zaria,Pip,Zaria.Pip@yopmail.com,Zaria.Pip@gmail.com,firefighter
479,Bill,Nedrud,Bill.Nedrud@yopmail.com,Bill.Nedrud@gmail.com,police officer
480,Gerianna,Fry,Gerianna.Fry@yopmail.com,Gerianna.Fry@gmail.com,doctor
481,Laure,Waldron,Laure.Waldron@yopmail.com,Laure.Waldron@gmail.com,worker
482,Brianna,Roarke,Brianna.Roarke@yopmail.com,Brianna.Roarke@gmail.com,developer
483,Cam,Payson,Cam.Payson@yopmail.com,Cam.Payson@gmail.com,developer
484,Bettine,Lymann,Bettine.Lymann@yopmail.com,Bettine.Lymann@gmail.com,doctor
485,Janey,Grosz,Janey.Grosz@yopmail.com,Janey.Grosz@gmail.com,firefighter
486,Misha,Robertson,Misha.Robertson@yopmail.com,Misha.Robertson@gmail.com,doctor
487,Dawn,Primalia,Dawn.Primalia@yopmail.com,Dawn.Primalia@gmail.com,developer
488,Nerta,Medrek,Nerta.Medrek@yopmail.com,Nerta.Medrek@gmail.com,doctor
489,Cherrita,Smitt,Cherrita.Smitt@yopmail.com,Cherrita.Smitt@gmail.com,firefighter
490,Wileen,Mike,Wileen.Mike@yopmail.com,Wileen.Mike@gmail.com,developer
491,Georgetta,Richers,Georgetta.Richers@yopmail.com,Georgetta.Richers@gmail.com,firefighter
492,Kathi,Abernon,Kathi.Abernon@yopmail.com,Kathi.Abernon@gmail.com,police officer
493,Gretal,Redmond,Gretal.Redmond@yopmail.com,Gretal.Redmond@gmail.com,developer
494,Carmencita,Eugenia,Carmencita.Eugenia@yopmail.com,Carmencita.Eugenia@gmail.com,firefighter
495,Brooks,Ovid,Brooks.Ovid@yopmail.com,Brooks.Ovid@gmail.com,doctor
496,Giustina,Nance,Giustina.Nance@yopmail.com,Giustina.Nance@gmail.com,doctor
497,Melisent,Richers,Melisent.Richers@yopmail.com,Melisent.Richers@gmail.com,firefighter
498,Kirstin,Dorothy,Kirstin.Dorothy@yopmail.com,Kirstin.Dorothy@gmail.com,doctor
499,Allis,Engdahl,Allis.Engdahl@yopmail.com,Allis.Engdahl@gmail.com,police officer
500,Penelopa,Koziara,Penelopa.Koziara@yopmail.com,Penelopa.Koziara@gmail.com,developer
501,Genovera,Darrell,Genovera.Darrell@yopmail.com,Genovera.Darrell@gmail.com,firefighter
502,Alisha,Honoria,Alisha.Honoria@yopmail.com,Alisha.Honoria@gmail.com,police officer
503,Elie,Syd,Elie.Syd@yopmail.com,Elie.Syd@gmail.com,firefighter
504,Doro,Revkah,Doro.Revkah@yopmail.com,Doro.Revkah@gmail.com,developer
505,Mireielle,Tjon,Mireielle.Tjon@yopmail.com,Mireielle.Tjon@gmail.com,firefighter
506,Fayre,Bartlett,Fayre.Bartlett@yopmail.com,Fayre.Bartlett@gmail.com,developer
507,Rozele,Girardo,Rozele.Girardo@yopmail.com,Rozele.Girardo@gmail.com,firefighter
508,Sashenka,Hoban,Sashenka.Hoban@yopmail.com,Sashenka.Hoban@gmail.com,worker
509,Babita,Sheng,Babita.Sheng@yopmail.com,Babita.Sheng@gmail.com,developer
510,Edee,Ogren,Edee.Ogren@yopmail.com,Edee.Ogren@gmail.com,worker
511,Veda,Guthrie,Veda.Guthrie@yopmail.com,Veda.Guthrie@gmail.com,firefighter
512,Genevra,Honoria,Genevra.Honoria@yopmail.com,Genevra.Honoria@gmail.com,firefighter
513,Carlie,Madaih,Carlie.Madaih@yopmail.com,Carlie.Madaih@gmail.com,police officer
514,Mahalia,Pernick,Mahalia.Pernick@yopmail.com,Mahalia.Pernick@gmail.com,developer
515,Ariela,Louanna,Ariela.Louanna@yopmail.com,Ariela.Louanna@gmail.com,worker
516,Elie,Vanni,Elie.Vanni@yopmail.com,Elie.Vanni@gmail.com,developer
517,Dotty,Vins,Dotty.Vins@yopmail.com,Dotty.Vins@gmail.com,police officer
518,Frances,Fry,Frances.Fry@yopmail.com,Frances.Fry@gmail.com,police officer
519,Celisse,Mayeda,Celisse.Mayeda@yopmail.com,Celisse.Mayeda@gmail.com,doctor
520,Sashenka,Hailee,Sashenka.Hailee@yopmail.com,Sashenka.Hailee@gmail.com,developer
521,Sophia,Fiann,Sophia.Fiann@yopmail.com,Sophia.Fiann@gmail.com,developer
522,Sibella,Greyson,Sibella.Greyson@yopmail.com,Sibella.Greyson@gmail.com,developer
523,Feliza,Ezar,Feliza.Ezar@yopmail.com,Feliza.Ezar@gmail.com,doctor
524,Ebonee,Cohdwell,Ebonee.Cohdwell@yopmail.com,Ebonee.Cohdwell@gmail.com,worker
525,Robinia,Abram,Robinia.Abram@yopmail.com,Robinia.Abram@gmail.com,police officer
526,Rori,Geffner,Rori.Geffner@yopmail.com,Rori.Geffner@gmail.com,worker
527,Marjie,Stacy,Marjie.Stacy@yopmail.com,Marjie.Stacy@gmail.com,firefighter
528,Cassandra,Jehu,Cassandra.Jehu@yopmail.com,Cassandra.Jehu@gmail.com,firefighter
529,Elvira,Raama,Elvira.Raama@yopmail.com,Elvira.Raama@gmail.com,firefighter
530,Celestyna,Orelee,Celestyna.Orelee@yopmail.com,Celestyna.Orelee@gmail.com,police officer
531,Goldie,Hylan,Goldie.Hylan@yopmail.com,Goldie.Hylan@gmail.com,developer
532,Anthia,Harl,Anthia.Harl@yopmail.com,Anthia.Harl@gmail.com,doctor
533,Ileana,Atonsah,Ileana.Atonsah@yopmail.com,Ileana.Atonsah@gmail.com,worker
534,Zondra,Gahl,Zondra.Gahl@yopmail.com,Zondra.Gahl@gmail.com,worker
535,Lonnie,Grayce,Lonnie.Grayce@yopmail.com,Lonnie.Grayce@gmail.com,police officer
536,Vere,Engdahl,Vere.Engdahl@yopmail.com,Vere.Engdahl@gmail.com,worker
537,Flo,Kunin,Flo.Kunin@yopmail.com,Flo.Kunin@gmail.com,police officer
538,Barbi,Ehrman,Barbi.Ehrman@yopmail.com,Barbi.Ehrman@gmail.com,firefighter
539,Shaine,Ricarda,Shaine.Ricarda@yopmail.com,Shaine.Ricarda@gmail.com,firefighter
540,Cristabel,Rhu,Cristabel.Rhu@yopmail.com,Cristabel.Rhu@gmail.com,doctor
541,Caressa,Lia,Caressa.Lia@yopmail.com,Caressa.Lia@gmail.com,worker
542,Shannah,Afton,Shannah.Afton@yopmail.com,Shannah.Afton@gmail.com,firefighter
543,Benita,Fax,Benita.Fax@yopmail.com,Benita.Fax@gmail.com,police officer
544,Lorne,Larochelle,Lorne.Larochelle@yopmail.com,Lorne.Larochelle@gmail.com,police officer
545,Raina,Slifka,Raina.Slifka@yopmail.com,Raina.Slifka@gmail.com,worker
546,Myrtice,Rubie,Myrtice.Rubie@yopmail.com,Myrtice.Rubie@gmail.com,police officer
547,Misha,Sholley,Misha.Sholley@yopmail.com,Misha.Sholley@gmail.com,worker
548,Sonni,Joli,Sonni.Joli@yopmail.com,Sonni.Joli@gmail.com,firefighter
549,Nyssa,Hewitt,Nyssa.Hewitt@yopmail.com,Nyssa.Hewitt@gmail.com,doctor
550,Calla,Laverne,Calla.Laverne@yopmail.com,Calla.Laverne@gmail.com,firefighter
551,Julieta,Sophronia,Julieta.Sophronia@yopmail.com,Julieta.Sophronia@gmail.com,police officer
552,Layla,Eachern,Layla.Eachern@yopmail.com,Layla.Eachern@gmail.com,police officer
553,Reeba,An,Reeba.An@yopmail.com,Reeba.An@gmail.com,developer
554,Myriam,Nikaniki,Myriam.Nikaniki@yopmail.com,Myriam.Nikaniki@gmail.com,firefighter
555,Layla,Hepsibah,Layla.Hepsibah@yopmail.com,Layla.Hepsibah@gmail.com,police officer
556,Hettie,Gino,Hettie.Gino@yopmail.com,Hettie.Gino@gmail.com,worker
557,Elora,Luhe,Elora.Luhe@yopmail.com,Elora.Luhe@gmail.com,police officer
558,Eve,Poll,Eve.Poll@yopmail.com,Eve.Poll@gmail.com,worker
559,Ursulina,Concha,Ursulina.Concha@yopmail.com,Ursulina.Concha@gmail.com,worker
560,Jere,Berard,Jere.Berard@yopmail.com,Jere.Berard@gmail.com,police officer
561,Theodora,Weaks,Theodora.Weaks@yopmail.com,Theodora.Weaks@gmail.com,worker
562,Lynnea,Noman,Lynnea.Noman@yopmail.com,Lynnea.Noman@gmail.com,firefighter
563,Marcelline,Delacourt,Marcelline.Delacourt@yopmail.com,Marcelline.Delacourt@gmail.com,doctor
564,Orsola,Atonsah,Orsola.Atonsah@yopmail.com,Orsola.Atonsah@gmail.com,police officer
565,Gaylene,Norrie,Gaylene.Norrie@yopmail.com,Gaylene.Norrie@gmail.com,firefighter
566,Sophia,Honoria,Sophia.Honoria@yopmail.com,Sophia.Honoria@gmail.com,firefighter
567,Misha,Cloris,Misha.Cloris@yopmail.com,Misha.Cloris@gmail.com,developer
568,Kial,Briney,Kial.Briney@yopmail.com,Kial.Briney@gmail.com,worker
569,Briney,Carleen,Briney.Carleen@yopmail.com,Briney.Carleen@gmail.com,doctor
570,Libbie,Wareing,Libbie.Wareing@yopmail.com,Libbie.Wareing@gmail.com,police officer
571,Renae,Ophelia,Renae.Ophelia@yopmail.com,Renae.Ophelia@gmail.com,police officer
572,Glynnis,Zachary,Glynnis.Zachary@yopmail.com,Glynnis.Zachary@gmail.com,worker
573,Ardenia,Stav,Ardenia.Stav@yopmail.com,Ardenia.Stav@gmail.com,police officer
574,Collen,Tatianas,Collen.Tatianas@yopmail.com,Collen.Tatianas@gmail.com,firefighter
575,Priscilla,Janith,Priscilla.Janith@yopmail.com,Priscilla.Janith@gmail.com,worker
576,Alia,Wind,Alia.Wind@yopmail.com,Alia.Wind@gmail.com,developer
577,Ekaterina,Lory,Ekaterina.Lory@yopmail.com,Ekaterina.Lory@gmail.com,firefighter
578,Binny,Devlen,Binny.Devlen@yopmail.com,Binny.Devlen@gmail.com,worker
579,Roslyn,Helve,Roslyn.Helve@yopmail.com,Roslyn.Helve@gmail.com,worker
580,Bobinette,Ehrman,Bobinette.Ehrman@yopmail.com,Bobinette.Ehrman@gmail.com,developer
581,Linzy,Pitt,Linzy.Pitt@yopmail.com,Linzy.Pitt@gmail.com,doctor
582,Corina,Lilas,Corina.Lilas@yopmail.com,Corina.Lilas@gmail.com,worker
583,Kerrin,Colbert,Kerrin.Colbert@yopmail.com,Kerrin.Colbert@gmail.com,developer
584,Korrie,Thornburg,Korrie.Thornburg@yopmail.com,Korrie.Thornburg@gmail.com,doctor
585,Allis,Darrell,Allis.Darrell@yopmail.com,Allis.Darrell@gmail.com,doctor
586,Mildrid,Adore,Mildrid.Adore@yopmail.com,Mildrid.Adore@gmail.com,firefighter
587,Konstance,Redmond,Konstance.Redmond@yopmail.com,Konstance.Redmond@gmail.com,doctor
588,Evita,Creamer,Evita.Creamer@yopmail.com,Evita.Creamer@gmail.com,worker
589,Jobi,Hilbert,Jobi.Hilbert@yopmail.com,Jobi.Hilbert@gmail.com,firefighter
590,Willetta,Carleen,Willetta.Carleen@yopmail.com,Willetta.Carleen@gmail.com,worker
591,Livvyy,Sholley,Livvyy.Sholley@yopmail.com,Livvyy.Sholley@gmail.com,firefighter
592,Devina,Paine,Devina.Paine@yopmail.com,Devina.Paine@gmail.com,developer
593,Annice,Iaverne,Annice.Iaverne@yopmail.com,Annice.Iaverne@gmail.com,police officer
594,Louella,Bergman,Louella.Bergman@yopmail.com,Louella.Bergman@gmail.com,police officer
595,Cyb,Weinreb,Cyb.Weinreb@yopmail.com,Cyb.Weinreb@gmail.com,developer
596,Randa,Maples,Randa.Maples@yopmail.com,Randa.Maples@gmail.com,developer
597,Maud,Oster,Maud.Oster@yopmail.com,Maud.Oster@gmail.com,worker
598,Myriam,An,Myriam.An@yopmail.com,Myriam.An@gmail.com,firefighter
599,Perry,Tayib,Perry.Tayib@yopmail.com,Perry.Tayib@gmail.com,doctor
600,Darci,Tengdin,Darci.Tengdin@yopmail.com,Darci.Tengdin@gmail.com,police officer
601,Neila,Cressida,Neila.Cressida@yopmail.com,Neila.Cressida@gmail.com,worker
602,Inga,Uird,Inga.Uird@yopmail.com,Inga.Uird@gmail.com,firefighter
603,Isa,Koziara,Isa.Koziara@yopmail.com,Isa.Koziara@gmail.com,worker
604,Lita,Cimbura,Lita.Cimbura@yopmail.com,Lita.Cimbura@gmail.com,developer
605,Sashenka,Zachary,Sashenka.Zachary@yopmail.com,Sashenka.Zachary@gmail.com,doctor
606,Heida,Faust,Heida.Faust@yopmail.com,Heida.Faust@gmail.com,worker
607,Maryellen,Abbot,Maryellen.Abbot@yopmail.com,Maryellen.Abbot@gmail.com,firefighter
608,Zia,Lilas,Zia.Lilas@yopmail.com,Zia.Lilas@gmail.com,worker
609,Bill,Callista,Bill.Callista@yopmail.com,Bill.Callista@gmail.com,developer
610,Sashenka,Pettiford,Sashenka.Pettiford@yopmail.com,Sashenka.Pettiford@gmail.com,worker
611,Emelina,Jary,Emelina.Jary@yopmail.com,Emelina.Jary@gmail.com,police officer
612,Xylina,Marlie,Xylina.Marlie@yopmail.com,Xylina.Marlie@gmail.com,doctor
613,Janeczka,Poll,Janeczka.Poll@yopmail.com,Janeczka.Poll@gmail.com,developer
614,Vita,McCutcheon,Vita.McCutcheon@yopmail.com,Vita.McCutcheon@gmail.com,developer
615,Cristine,Brunell,Cristine.Brunell@yopmail.com,Cristine.Brunell@gmail.com,doctor
616,Jessy,Trace,Jessy.Trace@yopmail.com,Jessy.Trace@gmail.com,doctor
617,Kittie,Dom,Kittie.Dom@yopmail.com,Kittie.Dom@gmail.com,doctor
618,Basia,Wooster,Basia.Wooster@yopmail.com,Basia.Wooster@gmail.com,police officer
619,Clo,Nelsen,Clo.Nelsen@yopmail.com,Clo.Nelsen@gmail.com,firefighter
620,Tabbatha,Bergman,Tabbatha.Bergman@yopmail.com,Tabbatha.Bergman@gmail.com,developer
621,Marcelline,Bonucci,Marcelline.Bonucci@yopmail.com,Marcelline.Bonucci@gmail.com,firefighter
622,Tobe,Ajay,Tobe.Ajay@yopmail.com,Tobe.Ajay@gmail.com,firefighter
623,Wileen,Kirstin,Wileen.Kirstin@yopmail.com,Wileen.Kirstin@gmail.com,doctor
624,Marika,Bultman,Marika.Bultman@yopmail.com,Marika.Bultman@gmail.com,doctor
625,Tabbatha,Cherianne,Tabbatha.Cherianne@yopmail.com,Tabbatha.Cherianne@gmail.com,firefighter
626,Edith,Couture,Edith.Couture@yopmail.com,Edith.Couture@gmail.com,developer
627,Beverley,Hachmin,Beverley.Hachmin@yopmail.com,Beverley.Hachmin@gmail.com,doctor
628,Jinny,Astra,Jinny.Astra@yopmail.com,Jinny.Astra@gmail.com,firefighter
629,Damaris,Teryn,Damaris.Teryn@yopmail.com,Damaris.Teryn@gmail.com,doctor
630,Marleah,Haldas,Marleah.Haldas@yopmail.com,Marleah.Haldas@gmail.com,doctor
631,Lorne,Swanhildas,Lorne.Swanhildas@yopmail.com,Lorne.Swanhildas@gmail.com,police officer
632,Emylee,Ajay,Emylee.Ajay@yopmail.com,Emylee.Ajay@gmail.com,worker
633,Gianina,Kimmie,Gianina.Kimmie@yopmail.com,Gianina.Kimmie@gmail.com,worker
634,Lacie,Kathie,Lacie.Kathie@yopmail.com,Lacie.Kathie@gmail.com,worker
635,Leeanne,Morrill,Leeanne.Morrill@yopmail.com,Leeanne.Morrill@gmail.com,worker
636,Lindie,Ortrude,Lindie.Ortrude@yopmail.com,Lindie.Ortrude@gmail.com,worker
637,Heida,Jagir,Heida.Jagir@yopmail.com,Heida.Jagir@gmail.com,worker
638,Arlina,Angelis,Arlina.Angelis@yopmail.com,Arlina.Angelis@gmail.com,worker
639,Monika,Blase,Monika.Blase@yopmail.com,Monika.Blase@gmail.com,doctor
640,Olwen,Modie,Olwen.Modie@yopmail.com,Olwen.Modie@gmail.com,developer
641,Alyda,Tomasina,Alyda.Tomasina@yopmail.com,Alyda.Tomasina@gmail.com,firefighter
642,Penelopa,Brittani,Penelopa.Brittani@yopmail.com,Penelopa.Brittani@gmail.com,doctor
643,Julieta,Jefferey,Julieta.Jefferey@yopmail.com,Julieta.Jefferey@gmail.com,police officer
644,Maud,Cherianne,Maud.Cherianne@yopmail.com,Maud.Cherianne@gmail.com,developer
645,Mariann,Jagir,Mariann.Jagir@yopmail.com,Mariann.Jagir@gmail.com,firefighter
646,Gilda,Pacorro,Gilda.Pacorro@yopmail.com,Gilda.Pacorro@gmail.com,firefighter
647,Nonnah,Monaco,Nonnah.Monaco@yopmail.com,Nonnah.Monaco@gmail.com,firefighter
648,Emylee,Leler,Emylee.Leler@yopmail.com,Emylee.Leler@gmail.com,developer
649,Vere,Francene,Vere.Francene@yopmail.com,Vere.Francene@gmail.com,firefighter
650,Kalina,Nadia,Kalina.Nadia@yopmail.com,Kalina.Nadia@gmail.com,police officer
651,Dulcinea,Minetta,Dulcinea.Minetta@yopmail.com,Dulcinea.Minetta@gmail.com,doctor
652,Lenna,Margarete,Lenna.Margarete@yopmail.com,Lenna.Margarete@gmail.com,worker
653,Karly,Howlyn,Karly.Howlyn@yopmail.com,Karly.Howlyn@gmail.com,developer
654,Marleah,Destinee,Marleah.Destinee@yopmail.com,Marleah.Destinee@gmail.com,worker
655,Lynnea,Cavan,Lynnea.Cavan@yopmail.com,Lynnea.Cavan@gmail.com,doctor
656,Yvonne,Stover,Yvonne.Stover@yopmail.com,Yvonne.Stover@gmail.com,firefighter
657,Kamilah,Kelula,Kamilah.Kelula@yopmail.com,Kamilah.Kelula@gmail.com,developer
658,Lily,Jary,Lily.Jary@yopmail.com,Lily.Jary@gmail.com,firefighter
659,Lucy,Bennie,Lucy.Bennie@yopmail.com,Lucy.Bennie@gmail.com,developer
660,Iseabal,Kravits,Iseabal.Kravits@yopmail.com,Iseabal.Kravits@gmail.com,doctor
661,Madeleine,Dalli,Madeleine.Dalli@yopmail.com,Madeleine.Dalli@gmail.com,worker
662,Celisse,Dunkin,Celisse.Dunkin@yopmail.com,Celisse.Dunkin@gmail.com,firefighter
663,Charlena,Anestassia,Charlena.Anestassia@yopmail.com,Charlena.Anestassia@gmail.com,doctor
664,Kara-Lynn,Gale,Kara-Lynn.Gale@yopmail.com,Kara-Lynn.Gale@gmail.com,worker
665,Roxane,Chobot,Roxane.Chobot@yopmail.com,Roxane.Chobot@gmail.com,worker
666,Lanae,Vastah,Lanae.Vastah@yopmail.com,Lanae.Vastah@gmail.com,doctor
667,Demetris,Lareena,Demetris.Lareena@yopmail.com,Demetris.Lareena@gmail.com,developer
668,Lusa,Pauly,Lusa.Pauly@yopmail.com,Lusa.Pauly@gmail.com,firefighter
669,Alex,Corrine,Alex.Corrine@yopmail.com,Alex.Corrine@gmail.com,developer
670,Lexine,Rurik,Lexine.Rurik@yopmail.com,Lexine.Rurik@gmail.com,doctor
671,Mara,Shirberg,Mara.Shirberg@yopmail.com,Mara.Shirberg@gmail.com,firefighter
672,Queenie,Anselmi,Queenie.Anselmi@yopmail.com,Queenie.Anselmi@gmail.com,police officer
673,Elie,Imelida,Elie.Imelida@yopmail.com,Elie.Imelida@gmail.com,firefighter
674,Dione,Leary,Dione.Leary@yopmail.com,Dione.Leary@gmail.com,developer
675,Kittie,Kolnick,Kittie.Kolnick@yopmail.com,Kittie.Kolnick@gmail.com,developer
676,Carly,Paine,Carly.Paine@yopmail.com,Carly.Paine@gmail.com,worker
677,Jan,Arathorn,Jan.Arathorn@yopmail.com,Jan.Arathorn@gmail.com,firefighter
678,Verla,Voletta,Verla.Voletta@yopmail.com,Verla.Voletta@gmail.com,developer
679,Lizzie,Lunsford,Lizzie.Lunsford@yopmail.com,Lizzie.Lunsford@gmail.com,worker
680,Briney,Kathie,Briney.Kathie@yopmail.com,Briney.Kathie@gmail.com,doctor
681,Phylis,Concha,Phylis.Concha@yopmail.com,Phylis.Concha@gmail.com,worker
682,Bobinette,Rosalba,Bobinette.Rosalba@yopmail.com,Bobinette.Rosalba@gmail.com,developer
683,Ivett,Briney,Ivett.Briney@yopmail.com,Ivett.Briney@gmail.com,police officer
684,Marcelline,Kussell,Marcelline.Kussell@yopmail.com,Marcelline.Kussell@gmail.com,developer
685,Felice,Germann,Felice.Germann@yopmail.com,Felice.Germann@gmail.com,firefighter
686,Flory,Cath,Flory.Cath@yopmail.com,Flory.Cath@gmail.com,police officer
687,Gilda,Casimir,Gilda.Casimir@yopmail.com,Gilda.Casimir@gmail.com,worker
688,Darlleen,Justinn,Darlleen.Justinn@yopmail.com,Darlleen.Justinn@gmail.com,worker
689,Layla,Sadowski,Layla.Sadowski@yopmail.com,Layla.Sadowski@gmail.com,police officer
690,Frank,Peonir,Frank.Peonir@yopmail.com,Frank.Peonir@gmail.com,developer
691,Georgetta,Constancy,Georgetta.Constancy@yopmail.com,Georgetta.Constancy@gmail.com,doctor
692,Ileana,Grobe,Ileana.Grobe@yopmail.com,Ileana.Grobe@gmail.com,developer
693,Jacquetta,Ader,Jacquetta.Ader@yopmail.com,Jacquetta.Ader@gmail.com,developer
694,Kaja,Nore,Kaja.Nore@yopmail.com,Kaja.Nore@gmail.com,firefighter
695,Roslyn,Freddi,Roslyn.Freddi@yopmail.com,Roslyn.Freddi@gmail.com,worker
696,Ayn,Orpah,Ayn.Orpah@yopmail.com,Ayn.Orpah@gmail.com,police officer
697,Bill,Izaak,Bill.Izaak@yopmail.com,Bill.Izaak@gmail.com,developer
698,Mignon,Middleton,Mignon.Middleton@yopmail.com,Mignon.Middleton@gmail.com,police officer
699,Beverley,Dannye,Beverley.Dannye@yopmail.com,Beverley.Dannye@gmail.com,worker
700,Yvonne,Anyah,Yvonne.Anyah@yopmail.com,Yvonne.Anyah@gmail.com,doctor
701,Annora,Parette,Annora.Parette@yopmail.com,Annora.Parette@gmail.com,police officer
702,Celestyna,Drus,Celestyna.Drus@yopmail.com,Celestyna.Drus@gmail.com,firefighter
703,Mireielle,Stefa,Mireielle.Stefa@yopmail.com,Mireielle.Stefa@gmail.com,developer
704,Ingrid,Nicoline,Ingrid.Nicoline@yopmail.com,Ingrid.Nicoline@gmail.com,police officer
705,Aigneis,Jarib,Aigneis.Jarib@yopmail.com,Aigneis.Jarib@gmail.com,doctor
706,Elyssa,Sandye,Elyssa.Sandye@yopmail.com,Elyssa.Sandye@gmail.com,police officer
707,Jenda,Wesle,Jenda.Wesle@yopmail.com,Jenda.Wesle@gmail.com,firefighter
708,Amelia,Naashom,Amelia.Naashom@yopmail.com,Amelia.Naashom@gmail.com,worker
709,Correy,Ax,Correy.Ax@yopmail.com,Correy.Ax@gmail.com,worker
710,Cassondra,Vernier,Cassondra.Vernier@yopmail.com,Cassondra.Vernier@gmail.com,firefighter
711,Rayna,Ehrman,Rayna.Ehrman@yopmail.com,Rayna.Ehrman@gmail.com,firefighter
712,Tori,Telfer,Tori.Telfer@yopmail.com,Tori.Telfer@gmail.com,developer
713,Annabela,Fink,Annabela.Fink@yopmail.com,Annabela.Fink@gmail.com,doctor
714,Pearline,Karylin,Pearline.Karylin@yopmail.com,Pearline.Karylin@gmail.com,worker
715,Frank,Calhoun,Frank.Calhoun@yopmail.com,Frank.Calhoun@gmail.com,worker
716,Nickie,Rustice,Nickie.Rustice@yopmail.com,Nickie.Rustice@gmail.com,police officer
717,Celisse,Emerson,Celisse.Emerson@yopmail.com,Celisse.Emerson@gmail.com,worker
718,Adriana,Colbert,Adriana.Colbert@yopmail.com,Adriana.Colbert@gmail.com,worker
719,Vivia,Adamsen,Vivia.Adamsen@yopmail.com,Vivia.Adamsen@gmail.com,police officer
720,Nessie,Maples,Nessie.Maples@yopmail.com,Nessie.Maples@gmail.com,police officer
721,Nerta,Wittie,Nerta.Wittie@yopmail.com,Nerta.Wittie@gmail.com,police officer
722,Charmaine,Goth,Charmaine.Goth@yopmail.com,Charmaine.Goth@gmail.com,doctor
723,Adelle,Hoenack,Adelle.Hoenack@yopmail.com,Adelle.Hoenack@gmail.com,worker
724,Iseabal,Gale,Iseabal.Gale@yopmail.com,Iseabal.Gale@gmail.com,developer
725,Joeann,Kronfeld,Joeann.Kronfeld@yopmail.com,Joeann.Kronfeld@gmail.com,worker
726,Lisette,Fry,Lisette.Fry@yopmail.com,Lisette.Fry@gmail.com,worker
727,Zia,Mehalek,Zia.Mehalek@yopmail.com,Zia.Mehalek@gmail.com,police officer
728,Rubie,Bakerman,Rubie.Bakerman@yopmail.com,Rubie.Bakerman@gmail.com,police officer
729,Roz,Edison,Roz.Edison@yopmail.com,Roz.Edison@gmail.com,developer
730,Karolina,Malina,Karolina.Malina@yopmail.com,Karolina.Malina@gmail.com,doctor
731,Kary,Joseph,Kary.Joseph@yopmail.com,Kary.Joseph@gmail.com,police officer
732,Elmira,Franza,Elmira.Franza@yopmail.com,Elmira.Franza@gmail.com,firefighter
733,Clo,Jethro,Clo.Jethro@yopmail.com,Clo.Jethro@gmail.com,developer
734,Dulcinea,Weaks,Dulcinea.Weaks@yopmail.com,Dulcinea.Weaks@gmail.com,worker
735,Livvyy,Amasa,Livvyy.Amasa@yopmail.com,Livvyy.Amasa@gmail.com,police officer
736,Augustine,Weide,Augustine.Weide@yopmail.com,Augustine.Weide@gmail.com,worker
737,Yolane,Carleen,Yolane.Carleen@yopmail.com,Yolane.Carleen@gmail.com,doctor
738,Tamqrah,Brieta,Tamqrah.Brieta@yopmail.com,Tamqrah.Brieta@gmail.com,police officer
739,Mary,Orelee,Mary.Orelee@yopmail.com,Mary.Orelee@gmail.com,police officer
740,Orsola,Scammon,Orsola.Scammon@yopmail.com,Orsola.Scammon@gmail.com,worker
741,Correy,Olin,Correy.Olin@yopmail.com,Correy.Olin@gmail.com,worker
742,Althea,Malvino,Althea.Malvino@yopmail.com,Althea.Malvino@gmail.com,worker
743,Giustina,Hathaway,Giustina.Hathaway@yopmail.com,Giustina.Hathaway@gmail.com,police officer
744,Ricky,Fontana,Ricky.Fontana@yopmail.com,Ricky.Fontana@gmail.com,firefighter
745,Orsola,Niccolo,Orsola.Niccolo@yopmail.com,Orsola.Niccolo@gmail.com,police officer
746,Lonnie,Durware,Lonnie.Durware@yopmail.com,Lonnie.Durware@gmail.com,worker
747,Hermione,Zaslow,Hermione.Zaslow@yopmail.com,Hermione.Zaslow@gmail.com,firefighter
748,Carlie,Maryanne,Carlie.Maryanne@yopmail.com,Carlie.Maryanne@gmail.com,doctor
749,Teddie,Lail,Teddie.Lail@yopmail.com,Teddie.Lail@gmail.com,worker
750,Cacilie,Voletta,Cacilie.Voletta@yopmail.com,Cacilie.Voletta@gmail.com,developer
751,Marika,Ehrman,Marika.Ehrman@yopmail.com,Marika.Ehrman@gmail.com,doctor
752,Alameda,Cecile,Alameda.Cecile@yopmail.com,Alameda.Cecile@gmail.com,police officer
753,Dale,Croix,Dale.Croix@yopmail.com,Dale.Croix@gmail.com,police officer
754,Bernardine,Therine,Bernardine.Therine@yopmail.com,Bernardine.Therine@gmail.com,developer
755,Gratia,Mitzi,Gratia.Mitzi@yopmail.com,Gratia.Mitzi@gmail.com,developer
756,Neila,Quent,Neila.Quent@yopmail.com,Neila.Quent@gmail.com,developer
757,Teriann,Ephrem,Teriann.Ephrem@yopmail.com,Teriann.Ephrem@gmail.com,firefighter
758,Cassondra,Dannye,Cassondra.Dannye@yopmail.com,Cassondra.Dannye@gmail.com,worker
759,Karly,Winthorpe,Karly.Winthorpe@yopmail.com,Karly.Winthorpe@gmail.com,police officer
760,Charlena,Bashemeth,Charlena.Bashemeth@yopmail.com,Charlena.Bashemeth@gmail.com,developer
761,Almeta,Cornelia,Almeta.Cornelia@yopmail.com,Almeta.Cornelia@gmail.com,doctor
762,Elyssa,Loring,Elyssa.Loring@yopmail.com,Elyssa.Loring@gmail.com,developer
763,Berta,Orlene,Berta.Orlene@yopmail.com,Berta.Orlene@gmail.com,worker
764,Cordi,Garbe,Cordi.Garbe@yopmail.com,Cordi.Garbe@gmail.com,doctor
765,Philis,Dahlia,Philis.Dahlia@yopmail.com,Philis.Dahlia@gmail.com,developer
766,Linet,Iaverne,Linet.Iaverne@yopmail.com,Linet.Iaverne@gmail.com,worker
767,Rosanne,Alcott,Rosanne.Alcott@yopmail.com,Rosanne.Alcott@gmail.com,firefighter
768,Roberta,Lewes,Roberta.Lewes@yopmail.com,Roberta.Lewes@gmail.com,firefighter
769,Peri,Hoban,Peri.Hoban@yopmail.com,Peri.Hoban@gmail.com,police officer
770,Jerry,Lynn,Jerry.Lynn@yopmail.com,Jerry.Lynn@gmail.com,police officer
771,Rozele,Edee,Rozele.Edee@yopmail.com,Rozele.Edee@gmail.com,firefighter
772,Phedra,Gerge,Phedra.Gerge@yopmail.com,Phedra.Gerge@gmail.com,developer
773,Hollie,Sheng,Hollie.Sheng@yopmail.com,Hollie.Sheng@gmail.com,firefighter
774,Marline,Virgin,Marline.Virgin@yopmail.com,Marline.Virgin@gmail.com,firefighter
775,Maridel,Remmer,Maridel.Remmer@yopmail.com,Maridel.Remmer@gmail.com,worker
776,Pollyanna,Woodberry,Pollyanna.Woodberry@yopmail.com,Pollyanna.Woodberry@gmail.com,police officer
777,Bettine,Taima,Bettine.Taima@yopmail.com,Bettine.Taima@gmail.com,worker
778,Nyssa,Tamsky,Nyssa.Tamsky@yopmail.com,Nyssa.Tamsky@gmail.com,developer
779,Darlleen,Ammann,Darlleen.Ammann@yopmail.com,Darlleen.Ammann@gmail.com,firefighter
780,Wilma,Cath,Wilma.Cath@yopmail.com,Wilma.Cath@gmail.com,developer
781,Gerianna,Voletta,Gerianna.Voletta@yopmail.com,Gerianna.Voletta@gmail.com,firefighter
782,Dede,Tristram,Dede.Tristram@yopmail.com,Dede.Tristram@gmail.com,developer
783,Elfreda,Neva,Elfreda.Neva@yopmail.com,Elfreda.Neva@gmail.com,police officer
784,Leontine,Stuart,Leontine.Stuart@yopmail.com,Leontine.Stuart@gmail.com,police officer
785,Kylynn,Fleeta,Kylynn.Fleeta@yopmail.com,Kylynn.Fleeta@gmail.com,police officer
786,Lizzie,Fulmer,Lizzie.Fulmer@yopmail.com,Lizzie.Fulmer@gmail.com,firefighter
787,Cassondra,Rheingold,Cassondra.Rheingold@yopmail.com,Cassondra.Rheingold@gmail.com,doctor
788,Vivia,Weide,Vivia.Weide@yopmail.com,Vivia.Weide@gmail.com,firefighter
789,Robbi,Poppy,Robbi.Poppy@yopmail.com,Robbi.Poppy@gmail.com,developer
790,Marita,Yam,Marita.Yam@yopmail.com,Marita.Yam@gmail.com,worker
791,Renie,Loring,Renie.Loring@yopmail.com,Renie.Loring@gmail.com,firefighter
792,Dianemarie,Estella,Dianemarie.Estella@yopmail.com,Dianemarie.Estella@gmail.com,doctor
793,Dale,Grimbly,Dale.Grimbly@yopmail.com,Dale.Grimbly@gmail.com,firefighter
794,Bobbi,Liebermann,Bobbi.Liebermann@yopmail.com,Bobbi.Liebermann@gmail.com,doctor
795,Raf,Joachim,Raf.Joachim@yopmail.com,Raf.Joachim@gmail.com,worker
796,Livvyy,Erskine,Livvyy.Erskine@yopmail.com,Livvyy.Erskine@gmail.com,police officer
797,Dulcinea,Guthrie,Dulcinea.Guthrie@yopmail.com,Dulcinea.Guthrie@gmail.com,police officer
798,Kaia,Middleton,Kaia.Middleton@yopmail.com,Kaia.Middleton@gmail.com,firefighter
799,Nikki,Chauncey,Nikki.Chauncey@yopmail.com,Nikki.Chauncey@gmail.com,police officer
800,Sadie,Fiann,Sadie.Fiann@yopmail.com,Sadie.Fiann@gmail.com,worker
801,Tobe,Sundin,Tobe.Sundin@yopmail.com,Tobe.Sundin@gmail.com,police officer
802,Norine,Cosenza,Norine.Cosenza@yopmail.com,Norine.Cosenza@gmail.com,firefighter
803,Agathe,Wandie,Agathe.Wandie@yopmail.com,Agathe.Wandie@gmail.com,worker
804,Priscilla,Ellerey,Priscilla.Ellerey@yopmail.com,Priscilla.Ellerey@gmail.com,doctor
805,Rosabelle,Weinreb,Rosabelle.Weinreb@yopmail.com,Rosabelle.Weinreb@gmail.com,developer
806,Marinna,Sothena,Marinna.Sothena@yopmail.com,Marinna.Sothena@gmail.com,doctor
807,Dione,Goode,Dione.Goode@yopmail.com,Dione.Goode@gmail.com,doctor
808,Evaleen,Erskine,Evaleen.Erskine@yopmail.com,Evaleen.Erskine@gmail.com,police officer
809,Christal,Burch,Christal.Burch@yopmail.com,Christal.Burch@gmail.com,developer
810,Xylina,Anestassia,Xylina.Anestassia@yopmail.com,Xylina.Anestassia@gmail.com,doctor
811,Hope,Phyllis,Hope.Phyllis@yopmail.com,Hope.Phyllis@gmail.com,firefighter
812,Regina,Angelis,Regina.Angelis@yopmail.com,Regina.Angelis@gmail.com,worker
813,Binny,Pierette,Binny.Pierette@yopmail.com,Binny.Pierette@gmail.com,developer
814,Queenie,Catie,Queenie.Catie@yopmail.com,Queenie.Catie@gmail.com,police officer
815,Fidelia,Goerke,Fidelia.Goerke@yopmail.com,Fidelia.Goerke@gmail.com,worker
816,Gui,Weinreb,Gui.Weinreb@yopmail.com,Gui.Weinreb@gmail.com,worker
817,Ardeen,Genna,Ardeen.Genna@yopmail.com,Ardeen.Genna@gmail.com,doctor
818,Eadie,Poll,Eadie.Poll@yopmail.com,Eadie.Poll@gmail.com,developer
819,Rayna,Saunderson,Rayna.Saunderson@yopmail.com,Rayna.Saunderson@gmail.com,doctor
820,Emelina,Gamaliel,Emelina.Gamaliel@yopmail.com,Emelina.Gamaliel@gmail.com,police officer
821,Pamella,Dichy,Pamella.Dichy@yopmail.com,Pamella.Dichy@gmail.com,worker
822,Tatiania,Lunsford,Tatiania.Lunsford@yopmail.com,Tatiania.Lunsford@gmail.com,doctor
823,Thalia,Himelman,Thalia.Himelman@yopmail.com,Thalia.Himelman@gmail.com,worker
824,Anica,Darbie,Anica.Darbie@yopmail.com,Anica.Darbie@gmail.com,police officer
825,Marguerite,Claudine,Marguerite.Claudine@yopmail.com,Marguerite.Claudine@gmail.com,worker
826,Kimberley,Sigfrid,Kimberley.Sigfrid@yopmail.com,Kimberley.Sigfrid@gmail.com,firefighter
827,Valeda,Birdella,Valeda.Birdella@yopmail.com,Valeda.Birdella@gmail.com,doctor
828,Randa,Trey,Randa.Trey@yopmail.com,Randa.Trey@gmail.com,worker
829,Caressa,Leffen,Caressa.Leffen@yopmail.com,Caressa.Leffen@gmail.com,firefighter
830,Talya,Kosey,Talya.Kosey@yopmail.com,Talya.Kosey@gmail.com,doctor
831,Tersina,Gilmour,Tersina.Gilmour@yopmail.com,Tersina.Gilmour@gmail.com,worker
832,Madelle,Haerr,Madelle.Haerr@yopmail.com,Madelle.Haerr@gmail.com,doctor
833,Leona,Hanshaw,Leona.Hanshaw@yopmail.com,Leona.Hanshaw@gmail.com,developer
834,Tatiania,Bultman,Tatiania.Bultman@yopmail.com,Tatiania.Bultman@gmail.com,police officer
835,Magdalena,Neils,Magdalena.Neils@yopmail.com,Magdalena.Neils@gmail.com,developer
836,Leia,Ellord,Leia.Ellord@yopmail.com,Leia.Ellord@gmail.com,firefighter
837,Gabi,Nisbet,Gabi.Nisbet@yopmail.com,Gabi.Nisbet@gmail.com,worker
838,Roxane,Corilla,Roxane.Corilla@yopmail.com,Roxane.Corilla@gmail.com,worker
839,Gianina,Schalles,Gianina.Schalles@yopmail.com,Gianina.Schalles@gmail.com,developer
840,Deedee,Michella,Deedee.Michella@yopmail.com,Deedee.Michella@gmail.com,firefighter
841,Ardenia,Smitt,Ardenia.Smitt@yopmail.com,Ardenia.Smitt@gmail.com,worker
842,Gaylene,Papageno,Gaylene.Papageno@yopmail.com,Gaylene.Papageno@gmail.com,police officer
843,Jinny,Wilona,Jinny.Wilona@yopmail.com,Jinny.Wilona@gmail.com,worker
844,Georgina,Dominy,Georgina.Dominy@yopmail.com,Georgina.Dominy@gmail.com,police officer
845,Lenna,Hamil,Lenna.Hamil@yopmail.com,Lenna.Hamil@gmail.com,doctor
846,Ofilia,Chrystel,Ofilia.Chrystel@yopmail.com,Ofilia.Chrystel@gmail.com,firefighter
847,Ellette,Darrell,Ellette.Darrell@yopmail.com,Ellette.Darrell@gmail.com,doctor
848,Ekaterina,Shelba,Ekaterina.Shelba@yopmail.com,Ekaterina.Shelba@gmail.com,police officer
849,Natka,Secrest,Natka.Secrest@yopmail.com,Natka.Secrest@gmail.com,developer
850,Sheelagh,Kunin,Sheelagh.Kunin@yopmail.com,Sheelagh.Kunin@gmail.com,police officer
851,Shel,Turne,Shel.Turne@yopmail.com,Shel.Turne@gmail.com,developer
852,Nicoli,Jorgan,Nicoli.Jorgan@yopmail.com,Nicoli.Jorgan@gmail.com,worker
853,Claudina,Elbertina,Claudina.Elbertina@yopmail.com,Claudina.Elbertina@gmail.com,police officer
854,Kenna,Richers,Kenna.Richers@yopmail.com,Kenna.Richers@gmail.com,police officer
855,Celestyna,Alcott,Celestyna.Alcott@yopmail.com,Celestyna.Alcott@gmail.com,firefighter
856,Cassandra,Roche,Cassandra.Roche@yopmail.com,Cassandra.Roche@gmail.com,worker
857,Aryn,Elbertina,Aryn.Elbertina@yopmail.com,Aryn.Elbertina@gmail.com,worker
858,Dede,McGrody,Dede.McGrody@yopmail.com,Dede.McGrody@gmail.com,police officer
859,Dyann,Heidt,Dyann.Heidt@yopmail.com,Dyann.Heidt@gmail.com,worker
860,Xylina,Pip,Xylina.Pip@yopmail.com,Xylina.Pip@gmail.com,worker
861,Jessy,Presber,Jessy.Presber@yopmail.com,Jessy.Presber@gmail.com,police officer
862,Damaris,Guildroy,Damaris.Guildroy@yopmail.com,Damaris.Guildroy@gmail.com,police officer
863,Heddie,Raychel,Heddie.Raychel@yopmail.com,Heddie.Raychel@gmail.com,developer
864,Luci,Angelis,Luci.Angelis@yopmail.com,Luci.Angelis@gmail.com,doctor
865,Di,Hamil,Di.Hamil@yopmail.com,Di.Hamil@gmail.com,doctor
866,Britte,Naashom,Britte.Naashom@yopmail.com,Britte.Naashom@gmail.com,doctor
867,Julieta,Irmine,Julieta.Irmine@yopmail.com,Julieta.Irmine@gmail.com,firefighter
868,Dianemarie,Bultman,Dianemarie.Bultman@yopmail.com,Dianemarie.Bultman@gmail.com,doctor
869,Briney,Tjon,Briney.Tjon@yopmail.com,Briney.Tjon@gmail.com,developer
870,Konstance,Autrey,Konstance.Autrey@yopmail.com,Konstance.Autrey@gmail.com,police officer
871,Lesly,Presber,Lesly.Presber@yopmail.com,Lesly.Presber@gmail.com,doctor
872,Miquela,Evangelia,Miquela.Evangelia@yopmail.com,Miquela.Evangelia@gmail.com,worker
873,Merrie,Han,Merrie.Han@yopmail.com,Merrie.Han@gmail.com,worker
874,Genovera,Clywd,Genovera.Clywd@yopmail.com,Genovera.Clywd@gmail.com,worker
875,Ariela,Dulciana,Ariela.Dulciana@yopmail.com,Ariela.Dulciana@gmail.com,developer
876,Gratia,Fax,Gratia.Fax@yopmail.com,Gratia.Fax@gmail.com,doctor
877,Catharine,Helfand,Catharine.Helfand@yopmail.com,Catharine.Helfand@gmail.com,doctor
878,Ekaterina,Libna,Ekaterina.Libna@yopmail.com,Ekaterina.Libna@gmail.com,doctor
879,Heida,Meter,Heida.Meter@yopmail.com,Heida.Meter@gmail.com,police officer
880,Priscilla,Clie,Priscilla.Clie@yopmail.com,Priscilla.Clie@gmail.com,doctor
881,Sophia,Poppy,Sophia.Poppy@yopmail.com,Sophia.Poppy@gmail.com,firefighter
882,Rani,Diogenes,Rani.Diogenes@yopmail.com,Rani.Diogenes@gmail.com,police officer
883,Hyacinthe,Sibyls,Hyacinthe.Sibyls@yopmail.com,Hyacinthe.Sibyls@gmail.com,worker
884,Jolyn,Masao,Jolyn.Masao@yopmail.com,Jolyn.Masao@gmail.com,police officer
885,Frank,Arquit,Frank.Arquit@yopmail.com,Frank.Arquit@gmail.com,developer
886,Jordan,Pascia,Jordan.Pascia@yopmail.com,Jordan.Pascia@gmail.com,firefighter
887,Thalia,Olin,Thalia.Olin@yopmail.com,Thalia.Olin@gmail.com,police officer
888,Merle,Krystle,Merle.Krystle@yopmail.com,Merle.Krystle@gmail.com,developer
889,Alyssa,Kinnard,Alyssa.Kinnard@yopmail.com,Alyssa.Kinnard@gmail.com,developer
890,Konstance,Henrie,Konstance.Henrie@yopmail.com,Konstance.Henrie@gmail.com,developer
891,Alexine,Ferino,Alexine.Ferino@yopmail.com,Alexine.Ferino@gmail.com,worker
892,Stevana,Blake,Stevana.Blake@yopmail.com,Stevana.Blake@gmail.com,developer
893,Clarice,Evvie,Clarice.Evvie@yopmail.com,Clarice.Evvie@gmail.com,firefighter
894,Janeczka,Wenoa,Janeczka.Wenoa@yopmail.com,Janeczka.Wenoa@gmail.com,worker
895,Fred,Lory,Fred.Lory@yopmail.com,Fred.Lory@gmail.com,worker
896,Vita,Matthew,Vita.Matthew@yopmail.com,Vita.Matthew@gmail.com,doctor
897,Caressa,Keelia,Caressa.Keelia@yopmail.com,Caressa.Keelia@gmail.com,doctor
898,Ida,Millda,Ida.Millda@yopmail.com,Ida.Millda@gmail.com,worker
899,Joelly,Lewes,Joelly.Lewes@yopmail.com,Joelly.Lewes@gmail.com,police officer
900,Roseline,Percy,Roseline.Percy@yopmail.com,Roseline.Percy@gmail.com,doctor
901,Ethel,Hoban,Ethel.Hoban@yopmail.com,Ethel.Hoban@gmail.com,worker
902,Winny,Azeria,Winny.Azeria@yopmail.com,Winny.Azeria@gmail.com,police officer
903,Alisha,Lilas,Alisha.Lilas@yopmail.com,Alisha.Lilas@gmail.com,firefighter
904,Teddie,Bultman,Teddie.Bultman@yopmail.com,Teddie.Bultman@gmail.com,firefighter
905,Leona,Morrill,Leona.Morrill@yopmail.com,Leona.Morrill@gmail.com,developer
906,Tybie,Hortensia,Tybie.Hortensia@yopmail.com,Tybie.Hortensia@gmail.com,police officer
907,Averyl,Dulciana,Averyl.Dulciana@yopmail.com,Averyl.Dulciana@gmail.com,police officer
908,Eugine,Harned,Eugine.Harned@yopmail.com,Eugine.Harned@gmail.com,worker
909,Teddie,Brunell,Teddie.Brunell@yopmail.com,Teddie.Brunell@gmail.com,firefighter
910,Dale,Aprile,Dale.Aprile@yopmail.com,Dale.Aprile@gmail.com,firefighter
911,Valli,Berne,Valli.Berne@yopmail.com,Valli.Berne@gmail.com,developer
912,Kaia,Candy,Kaia.Candy@yopmail.com,Kaia.Candy@gmail.com,police officer
913,Nerta,Cavan,Nerta.Cavan@yopmail.com,Nerta.Cavan@gmail.com,developer
914,Randa,Cristi,Randa.Cristi@yopmail.com,Randa.Cristi@gmail.com,developer
915,Kaia,Thornburg,Kaia.Thornburg@yopmail.com,Kaia.Thornburg@gmail.com,worker
916,Bee,Pillsbury,Bee.Pillsbury@yopmail.com,Bee.Pillsbury@gmail.com,police officer
917,Delilah,Taima,Delilah.Taima@yopmail.com,Delilah.Taima@gmail.com,developer
918,Ebonee,Kronfeld,Ebonee.Kronfeld@yopmail.com,Ebonee.Kronfeld@gmail.com,police officer
919,Carolina,Bury,Carolina.Bury@yopmail.com,Carolina.Bury@gmail.com,worker
920,Nita,Hewitt,Nita.Hewitt@yopmail.com,Nita.Hewitt@gmail.com,worker
921,Shandie,Amadas,Shandie.Amadas@yopmail.com,Shandie.Amadas@gmail.com,worker
922,Rosene,Masao,Rosene.Masao@yopmail.com,Rosene.Masao@gmail.com,doctor
923,Shirlee,Robertson,Shirlee.Robertson@yopmail.com,Shirlee.Robertson@gmail.com,worker
924,Gilligan,Cynar,Gilligan.Cynar@yopmail.com,Gilligan.Cynar@gmail.com,developer
925,Rhea,Ball,Rhea.Ball@yopmail.com,Rhea.Ball@gmail.com,developer
926,Ronna,Lowry,Ronna.Lowry@yopmail.com,Ronna.Lowry@gmail.com,firefighter
927,Chickie,Parette,Chickie.Parette@yopmail.com,Chickie.Parette@gmail.com,police officer
928,Lily,Elisha,Lily.Elisha@yopmail.com,Lily.Elisha@gmail.com,police officer
929,Lindie,Havens,Lindie.Havens@yopmail.com,Lindie.Havens@gmail.com,police officer
930,Elora,Hessler,Elora.Hessler@yopmail.com,Elora.Hessler@gmail.com,firefighter
931,Lesly,Zrike,Lesly.Zrike@yopmail.com,Lesly.Zrike@gmail.com,developer
932,Kirbee,Read,Kirbee.Read@yopmail.com,Kirbee.Read@gmail.com,worker
933,Shaylyn,Simmonds,Shaylyn.Simmonds@yopmail.com,Shaylyn.Simmonds@gmail.com,worker
934,Marylou,Eckblad,Marylou.Eckblad@yopmail.com,Marylou.Eckblad@gmail.com,firefighter
935,Annabela,Florina,Annabela.Florina@yopmail.com,Annabela.Florina@gmail.com,police officer
936,Cindelyn,Vharat,Cindelyn.Vharat@yopmail.com,Cindelyn.Vharat@gmail.com,firefighter
937,Linzy,Truc,Linzy.Truc@yopmail.com,Linzy.Truc@gmail.com,firefighter
938,Sophia,Pip,Sophia.Pip@yopmail.com,Sophia.Pip@gmail.com,firefighter
939,Celisse,Cimbura,Celisse.Cimbura@yopmail.com,Celisse.Cimbura@gmail.com,police officer
940,Beth,Gillan,Beth.Gillan@yopmail.com,Beth.Gillan@gmail.com,police officer
941,Queenie,Libna,Queenie.Libna@yopmail.com,Queenie.Libna@gmail.com,developer
942,Cacilie,Codding,Cacilie.Codding@yopmail.com,Cacilie.Codding@gmail.com,doctor
943,Janeczka,Loring,Janeczka.Loring@yopmail.com,Janeczka.Loring@gmail.com,doctor
944,Beverley,Tice,Beverley.Tice@yopmail.com,Beverley.Tice@gmail.com,worker
945,Priscilla,Brodench,Priscilla.Brodench@yopmail.com,Priscilla.Brodench@gmail.com,firefighter
946,Kathi,Guthrie,Kathi.Guthrie@yopmail.com,Kathi.Guthrie@gmail.com,developer
947,Carol-Jean,Delacourt,Carol-Jean.Delacourt@yopmail.com,Carol-Jean.Delacourt@gmail.com,worker
948,Anestassia,Bennie,Anestassia.Bennie@yopmail.com,Anestassia.Bennie@gmail.com,police officer
949,Monika,Sholley,Monika.Sholley@yopmail.com,Monika.Sholley@gmail.com,doctor
950,Carlie,Newell,Carlie.Newell@yopmail.com,Carlie.Newell@gmail.com,developer
951,Brena,Alexandr,Brena.Alexandr@yopmail.com,Brena.Alexandr@gmail.com,firefighter
952,Suzette,Cutlerr,Suzette.Cutlerr@yopmail.com,Suzette.Cutlerr@gmail.com,police officer
953,Eadie,Schalles,Eadie.Schalles@yopmail.com,Eadie.Schalles@gmail.com,developer
954,Vere,Lindemann,Vere.Lindemann@yopmail.com,Vere.Lindemann@gmail.com,doctor
955,Hannis,Hull,Hannis.Hull@yopmail.com,Hannis.Hull@gmail.com,developer
956,Katleen,Stover,Katleen.Stover@yopmail.com,Katleen.Stover@gmail.com,developer
957,Sara-Ann,Mott,Sara-Ann.Mott@yopmail.com,Sara-Ann.Mott@gmail.com,worker
958,Pollyanna,Tayib,Pollyanna.Tayib@yopmail.com,Pollyanna.Tayib@gmail.com,developer
959,Cathie,Tristram,Cathie.Tristram@yopmail.com,Cathie.Tristram@gmail.com,firefighter
960,Helsa,Skurnik,Helsa.Skurnik@yopmail.com,Helsa.Skurnik@gmail.com,worker
961,Deirdre,Millda,Deirdre.Millda@yopmail.com,Deirdre.Millda@gmail.com,police officer
962,Darci,Tryck,Darci.Tryck@yopmail.com,Darci.Tryck@gmail.com,firefighter
963,Dennie,Flita,Dennie.Flita@yopmail.com,Dennie.Flita@gmail.com,doctor
964,Marinna,Alarise,Marinna.Alarise@yopmail.com,Marinna.Alarise@gmail.com,firefighter
965,Corly,Mallon,Corly.Mallon@yopmail.com,Corly.Mallon@gmail.com,worker
966,Debee,Tillford,Debee.Tillford@yopmail.com,Debee.Tillford@gmail.com,police officer
967,Gabi,Isacco,Gabi.Isacco@yopmail.com,Gabi.Isacco@gmail.com,doctor
968,Genevra,Hertzfeld,Genevra.Hertzfeld@yopmail.com,Genevra.Hertzfeld@gmail.com,doctor
969,Lucy,Bibi,Lucy.Bibi@yopmail.com,Lucy.Bibi@gmail.com,firefighter
970,Fanny,Revkah,Fanny.Revkah@yopmail.com,Fanny.Revkah@gmail.com,doctor
971,Rochette,Norrie,Rochette.Norrie@yopmail.com,Rochette.Norrie@gmail.com,worker
972,Celisse,Baudin,Celisse.Baudin@yopmail.com,Celisse.Baudin@gmail.com,developer
973,Paola,Zaslow,Paola.Zaslow@yopmail.com,Paola.Zaslow@gmail.com,doctor
974,Camile,Lacombe,Camile.Lacombe@yopmail.com,Camile.Lacombe@gmail.com,developer
975,Britte,Chaing,Britte.Chaing@yopmail.com,Britte.Chaing@gmail.com,developer
976,Latisha,Charity,Latisha.Charity@yopmail.com,Latisha.Charity@gmail.com,police officer
977,Joy,Joachim,Joy.Joachim@yopmail.com,Joy.Joachim@gmail.com,worker
978,Meriel,Lissi,Meriel.Lissi@yopmail.com,Meriel.Lissi@gmail.com,firefighter
979,Shell,Howlyn,Shell.Howlyn@yopmail.com,Shell.Howlyn@gmail.com,doctor
980,Loree,Killigrew,Loree.Killigrew@yopmail.com,Loree.Killigrew@gmail.com,police officer
981,Minne,Andrel,Minne.Andrel@yopmail.com,Minne.Andrel@gmail.com,firefighter
982,Candi,Esmaria,Candi.Esmaria@yopmail.com,Candi.Esmaria@gmail.com,worker
983,Aimil,Hylan,Aimil.Hylan@yopmail.com,Aimil.Hylan@gmail.com,worker
984,Gwenneth,Waite,Gwenneth.Waite@yopmail.com,Gwenneth.Waite@gmail.com,doctor
985,Maurene,Niccolo,Maurene.Niccolo@yopmail.com,Maurene.Niccolo@gmail.com,doctor
986,Pollyanna,Merna,Pollyanna.Merna@yopmail.com,Pollyanna.Merna@gmail.com,firefighter
987,Rivalee,Gusella,Rivalee.Gusella@yopmail.com,Rivalee.Gusella@gmail.com,police officer
988,Frieda,Elephus,Frieda.Elephus@yopmail.com,Frieda.Elephus@gmail.com,firefighter
989,Vonny,Jeanne,Vonny.Jeanne@yopmail.com,Vonny.Jeanne@gmail.com,firefighter
990,Andree,Merna,Andree.Merna@yopmail.com,Andree.Merna@gmail.com,doctor
991,Sadie,Robertson,Sadie.Robertson@yopmail.com,Sadie.Robertson@gmail.com,developer
992,Priscilla,Kazimir,Priscilla.Kazimir@yopmail.com,Priscilla.Kazimir@gmail.com,firefighter
993,Merci,Armanda,Merci.Armanda@yopmail.com,Merci.Armanda@gmail.com,police officer
994,Donetta,Frodi,Donetta.Frodi@yopmail.com,Donetta.Frodi@gmail.com,doctor
995,Alleen,Pascia,Alleen.Pascia@yopmail.com,Alleen.Pascia@gmail.com,doctor
996,Lonnie,Delp,Lonnie.Delp@yopmail.com,Lonnie.Delp@gmail.com,police officer
997,Kristan,Seligman,Kristan.Seligman@yopmail.com,Kristan.Seligman@gmail.com,police officer
998,Maye,Hull,Maye.Hull@yopmail.com,Maye.Hull@gmail.com,developer
999,Lesly,Janith,Lesly.Janith@yopmail.com,Lesly.Janith@gmail.com,firefighter
1000,June,Friede,June.Friede@yopmail.com,June.Friede@gmail.com,worker
1001,Merrie,Tomasina,Merrie.Tomasina@yopmail.com,Merrie.Tomasina@gmail.com,police officer
1002,Emylee,Bertold,Emylee.Bertold@yopmail.com,Emylee.Bertold@gmail.com,developer
1003,Peri,Gwenore,Peri.Gwenore@yopmail.com,Peri.Gwenore@gmail.com,doctor
1004,Ardenia,Turne,Ardenia.Turne@yopmail.com,Ardenia.Turne@gmail.com,developer
1005,Hallie,Voletta,Hallie.Voletta@yopmail.com,Hallie.Voletta@gmail.com,worker
1006,Amelia,Rosemary,Amelia.Rosemary@yopmail.com,Amelia.Rosemary@gmail.com,worker
1007,Ilse,Natalia,Ilse.Natalia@yopmail.com,Ilse.Natalia@gmail.com,doctor
1008,Dennie,Weaks,Dennie.Weaks@yopmail.com,Dennie.Weaks@gmail.com,worker
1009,Vere,Bates,Vere.Bates@yopmail.com,Vere.Bates@gmail.com,police officer
1010,Jerry,Pond,Jerry.Pond@yopmail.com,Jerry.Pond@gmail.com,firefighter
1011,Lynea,Dunkin,Lynea.Dunkin@yopmail.com,Lynea.Dunkin@gmail.com,doctor
1012,Margarette,Dominy,Margarette.Dominy@yopmail.com,Margarette.Dominy@gmail.com,firefighter
1013,Natka,Klotz,Natka.Klotz@yopmail.com,Natka.Klotz@gmail.com,doctor
1014,Elsie,Valoniah,Elsie.Valoniah@yopmail.com,Elsie.Valoniah@gmail.com,doctor
1015,Ezmeralda,Clie,Ezmeralda.Clie@yopmail.com,Ezmeralda.Clie@gmail.com,developer
1016,Bobinette,Persse,Bobinette.Persse@yopmail.com,Bobinette.Persse@gmail.com,firefighter
1017,Shannah,Afton,Shannah.Afton@yopmail.com,Shannah.Afton@gmail.com,firefighter
1018,Bernie,Yate,Bernie.Yate@yopmail.com,Bernie.Yate@gmail.com,doctor
1019,Peri,Levey,Peri.Levey@yopmail.com,Peri.Levey@gmail.com,doctor
1020,Suzette,Doig,Suzette.Doig@yopmail.com,Suzette.Doig@gmail.com,police officer
1021,Cindelyn,Ammann,Cindelyn.Ammann@yopmail.com,Cindelyn.Ammann@gmail.com,firefighter
1022,Tersina,Ventre,Tersina.Ventre@yopmail.com,Tersina.Ventre@gmail.com,doctor
1023,Jeanna,Johanna,Jeanna.Johanna@yopmail.com,Jeanna.Johanna@gmail.com,developer
1024,Orelia,Dunkin,Orelia.Dunkin@yopmail.com,Orelia.Dunkin@gmail.com,police officer
1025,Berget,Eno,Berget.Eno@yopmail.com,Berget.Eno@gmail.com,police officer
1026,Rosanne,Chandler,Rosanne.Chandler@yopmail.com,Rosanne.Chandler@gmail.com,firefighter
1027,Catrina,Fitzsimmons,Catrina.Fitzsimmons@yopmail.com,Catrina.Fitzsimmons@gmail.com,police officer
1028,Moyna,Mitzi,Moyna.Mitzi@yopmail.com,Moyna.Mitzi@gmail.com,police officer
1029,Kaia,Killigrew,Kaia.Killigrew@yopmail.com,Kaia.Killigrew@gmail.com,developer
1030,Laure,Ranjiv,Laure.Ranjiv@yopmail.com,Laure.Ranjiv@gmail.com,worker
1031,Mellicent,Klemperer,Mellicent.Klemperer@yopmail.com,Mellicent.Klemperer@gmail.com,police officer
1032,Vere,Erminia,Vere.Erminia@yopmail.com,Vere.Erminia@gmail.com,worker
1033,Lanae,Erskine,Lanae.Erskine@yopmail.com,Lanae.Erskine@gmail.com,firefighter
1034,Drucie,Margret,Drucie.Margret@yopmail.com,Drucie.Margret@gmail.com,doctor
1035,Wileen,Pyle,Wileen.Pyle@yopmail.com,Wileen.Pyle@gmail.com,worker
1036,Dione,Dimitris,Dione.Dimitris@yopmail.com,Dione.Dimitris@gmail.com,firefighter
1037,Tamqrah,Lanita,Tamqrah.Lanita@yopmail.com,Tamqrah.Lanita@gmail.com,police officer
1038,Karolina,Maryanne,Karolina.Maryanne@yopmail.com,Karolina.Maryanne@gmail.com,developer
1039,Dione,Zetta,Dione.Zetta@yopmail.com,Dione.Zetta@gmail.com,doctor
1040,Stephanie,Garbe,Stephanie.Garbe@yopmail.com,Stephanie.Garbe@gmail.com,worker
1041,Ofilia,Etom,Ofilia.Etom@yopmail.com,Ofilia.Etom@gmail.com,firefighter
1042,Jobi,Tremayne,Jobi.Tremayne@yopmail.com,Jobi.Tremayne@gmail.com,worker
1043,Marcy,Mich,Marcy.Mich@yopmail.com,Marcy.Mich@gmail.com,worker
1044,Tierney,Israeli,Tierney.Israeli@yopmail.com,Tierney.Israeli@gmail.com,doctor
1045,Bill,Ehrman,Bill.Ehrman@yopmail.com,Bill.Ehrman@gmail.com,firefighter
1046,Hope,Brodench,Hope.Brodench@yopmail.com,Hope.Brodench@gmail.com,worker
1047,Lulita,Brunell,Lulita.Brunell@yopmail.com,Lulita.Brunell@gmail.com,developer
1048,Riannon,Stanwood,Riannon.Stanwood@yopmail.com,Riannon.Stanwood@gmail.com,worker
1049,Fanchon,Niles,Fanchon.Niles@yopmail.com,Fanchon.Niles@gmail.com,worker
1050,Ernesta,Mott,Ernesta.Mott@yopmail.com,Ernesta.Mott@gmail.com,firefighter
1051,Jillayne,Harriman,Jillayne.Harriman@yopmail.com,Jillayne.Harriman@gmail.com,developer
1052,Corina,Slifka,Corina.Slifka@yopmail.com,Corina.Slifka@gmail.com,developer
1053,Chrystel,Zina,Chrystel.Zina@yopmail.com,Chrystel.Zina@gmail.com,doctor
1054,Cyndie,Thema,Cyndie.Thema@yopmail.com,Cyndie.Thema@gmail.com,firefighter
1055,Aigneis,Giff,Aigneis.Giff@yopmail.com,Aigneis.Giff@gmail.com,worker
1056,Lelah,Leopold,Lelah.Leopold@yopmail.com,Lelah.Leopold@gmail.com,developer
1057,Mariele,Lytton,Mariele.Lytton@yopmail.com,Mariele.Lytton@gmail.com,doctor
1058,Sharlene,Burkle,Sharlene.Burkle@yopmail.com,Sharlene.Burkle@gmail.com,worker
1059,Lindie,Cleo,Lindie.Cleo@yopmail.com,Lindie.Cleo@gmail.com,doctor
1060,Kenna,Ochs,Kenna.Ochs@yopmail.com,Kenna.Ochs@gmail.com,firefighter
1061,Melodie,Pearse,Melodie.Pearse@yopmail.com,Melodie.Pearse@gmail.com,firefighter
1062,Fanny,Bethany,Fanny.Bethany@yopmail.com,Fanny.Bethany@gmail.com,firefighter
1063,Veda,Santoro,Veda.Santoro@yopmail.com,Veda.Santoro@gmail.com,police officer
1064,Deloria,Delp,Deloria.Delp@yopmail.com,Deloria.Delp@gmail.com,police officer
1065,Patricia,Luhe,Patricia.Luhe@yopmail.com,Patricia.Luhe@gmail.com,police officer
1066,Mathilda,Means,Mathilda.Means@yopmail.com,Mathilda.Means@gmail.com,police officer
1067,Laurene,Hunfredo,Laurene.Hunfredo@yopmail.com,Laurene.Hunfredo@gmail.com,worker
1068,Alexine,Flyn,Alexine.Flyn@yopmail.com,Alexine.Flyn@gmail.com,police officer
1069,Pollyanna,Latini,Pollyanna.Latini@yopmail.com,Pollyanna.Latini@gmail.com,worker
1070,Joane,Poppy,Joane.Poppy@yopmail.com,Joane.Poppy@gmail.com,police officer
1071,Alejandra,Carvey,Alejandra.Carvey@yopmail.com,Alejandra.Carvey@gmail.com,firefighter
1072,Aeriela,Elisha,Aeriela.Elisha@yopmail.com,Aeriela.Elisha@gmail.com,firefighter
1073,Perry,Libna,Perry.Libna@yopmail.com,Perry.Libna@gmail.com,developer
1074,Jemie,Gordon,Jemie.Gordon@yopmail.com,Jemie.Gordon@gmail.com,police officer
1075,Micheline,Uund,Micheline.Uund@yopmail.com,Micheline.Uund@gmail.com,firefighter
1076,Shaine,Bettine,Shaine.Bettine@yopmail.com,Shaine.Bettine@gmail.com,doctor
1077,Deane,Marlie,Deane.Marlie@yopmail.com,Deane.Marlie@gmail.com,doctor
1078,Sean,Joni,Sean.Joni@yopmail.com,Sean.Joni@gmail.com,worker
1079,Alyda,Hylan,Alyda.Hylan@yopmail.com,Alyda.Hylan@gmail.com,firefighter
1080,Inga,Ledah,Inga.Ledah@yopmail.com,Inga.Ledah@gmail.com,developer
1081,Jere,Westphal,Jere.Westphal@yopmail.com,Jere.Westphal@gmail.com,firefighter
1082,Adele,Wadell,Adele.Wadell@yopmail.com,Adele.Wadell@gmail.com,police officer
1083,Sonni,Arne,Sonni.Arne@yopmail.com,Sonni.Arne@gmail.com,firefighter
1084,Helsa,Zamora,Helsa.Zamora@yopmail.com,Helsa.Zamora@gmail.com,worker
1085,Kara-Lynn,Zamora,Kara-Lynn.Zamora@yopmail.com,Kara-Lynn.Zamora@gmail.com,doctor
1086,Kathy,Shama,Kathy.Shama@yopmail.com,Kathy.Shama@gmail.com,developer
1087,Cherilyn,Durante,Cherilyn.Durante@yopmail.com,Cherilyn.Durante@gmail.com,firefighter
1088,Lulita,Merat,Lulita.Merat@yopmail.com,Lulita.Merat@gmail.com,developer
1089,Mary,Dyche,Mary.Dyche@yopmail.com,Mary.Dyche@gmail.com,police officer
1090,Dulcinea,Sheng,Dulcinea.Sheng@yopmail.com,Dulcinea.Sheng@gmail.com,doctor
1091,Marita,Gert,Marita.Gert@yopmail.com,Marita.Gert@gmail.com,developer
1092,Jennica,Colp,Jennica.Colp@yopmail.com,Jennica.Colp@gmail.com,police officer
1093,Almeta,Santoro,Almeta.Santoro@yopmail.com,Almeta.Santoro@gmail.com,developer
1094,Wynne,Ciro,Wynne.Ciro@yopmail.com,Wynne.Ciro@gmail.com,police officer
1095,Inga,Herrera,Inga.Herrera@yopmail.com,Inga.Herrera@gmail.com,firefighter
1096,Sarette,Charmine,Sarette.Charmine@yopmail.com,Sarette.Charmine@gmail.com,doctor
1097,Devina,Demitria,Devina.Demitria@yopmail.com,Devina.Demitria@gmail.com,worker
1098,Leia,Magnolia,Leia.Magnolia@yopmail.com,Leia.Magnolia@gmail.com,developer
1099,Abbie,Huggins,Abbie.Huggins@yopmail.com,Abbie.Huggins@gmail.com,police officer